Nike Breathe ,₹2295,1,https://images.nike.com/is/image/DotCom/pwp_sheet2?$NIKE_PWPx3$&$img0=BV2861_010
Men's Short-Sleeve Training Top ,₹2495,1,https://images.nike.com/is/image/DotCom/pwp_sheet2?$NIKE_PWPx3$&$img0=AT3383_010
Nike Pro ,₹2495,1,https://images.nike.com/is/image/DotCom/pwp_sheet2?$NIKE_PWPx3$&$img0=AT3383_100
Men's 3/4 Basketball Tights ,₹2295,1,https://images.nike.com/is/image/DotCom/pwp_sheet2?$NIKE_PWPx3$&$img0=BV2861_063
Nike Pro ,₹2295,1,https://images.nike.com/is/image/DotCom/pwp_sheet2?$NIKE_PWPx3$&$img0=AO1814_100
Men's 3/4 Basketball Tights ,₹1995,1,https://images.nike.com/is/image/DotCom/pwp_sheet2?$NIKE_PWPx3$&$img0=AO1810_100
Nike Breathe ,₹2295,1,https://images.nike.com/is/image/DotCom/pwp_sheet2?$NIKE_PWPx3$&$img0=AO1800_010
Men's Short-Sleeve Training Top ,₹2295,1,https://images.nike.com/is/image/DotCom/pwp_sheet2?$NIKE_PWPx3$&$img0=AO1804_056
Nike Pro ,₹1995,1,https://images.nike.com/is/image/DotCom/pwp_sheet2?$NIKE_PWPx3$&$img0=AO1794_010
Men's 3/4 Tights ,₹1995,1,https://images.nike.com/is/image/DotCom/pwp_sheet2?$NIKE_PWPx3$&$img0=AO1804_010
Nike Pro ,₹1995,1,https://images.nike.com/is/image/DotCom/pwp_sheet2?$NIKE_PWPx3$&$img0=AO1209_060
Men's Tank ,₹1595,1,https://images.nike.com/is/image/DotCom/pwp_sheet2?$NIKE_PWPx3$&$img0=AO1209_010
Nike Pro ,₹1595,1,https://images.nike.com/is/image/DotCom/pwp_sheet2?$NIKE_PWPx3$&$img0=925821_100
Men's 3/4 Tights ,₹2495,1,https://images.nike.com/is/image/DotCom/pwp_sheet2?$NIKE_PWPx3$&$img0=925821_010
Nike Pro ,₹2495,1,https://images.nike.com/is/image/DotCom/pwp_sheet2?$NIKE_PWPx3$&$img0=AQ1201_395
Men's 3/4-Length Tights ,₹2095,1,https://images.nike.com/is/image/DotCom/pwp_sheet2?$NIKE_PWPx3$&$img0=AQ1201_010
Nike Breathe Pro ,₹2095,1,https://images.nike.com/is/image/DotCom/pwp_sheet2?$NIKE_PWPx3$&$img0=838092_091
Men's Short-Sleeve Top ,₹2295,1,https://images.nike.com/is/image/DotCom/pwp_sheet2?$NIKE_PWPx3$&$img0=838092_010
Nike Pro ,₹1395,1,https://images.nike.com/is/image/DotCom/pwp_sheet2?$NIKE_PWPx3$&$img0=838068_010
Men's Shorts ,₹1395,1,https://images.nike.com/is/image/DotCom/pwp_sheet2?$NIKE_PWPx3$&$img0=838062_010
Nike Breathe Pro ,₹1995,1,https://images.nike.com/is/image/DotCom/pwp_sheet2?$NIKE_PWPx3$&$img0=838062_091
Men's Short-Sleeve Top ,₹1495,1,https://images.nike.com/is/image/DotCom/pwp_sheet2?$NIKE_PWPx3$&$img0=925821_100
Nike ,₹1495,1,https://images.nike.com/is/image/DotCom/pwp_sheet2?$NIKE_PWPx3$&$img0=925821_010
Men's Underwear (2 Pairs) ,₹2957,1,https://images.nike.com/is/image/DotCom/pwp_sheet2?$NIKE_PWPx3$&$img0=AQ1201_395
Nike ,₹4495,2,https://images.nike.com/is/image/DotCom/pwp_sheet2?$NIKE_PWPx3$&$img0=BV5624_012
Men's Short-Sleeve Running Top ,₹3695,2,https://images.nike.com/is/image/DotCom/pwp_sheet2?$NIKE_PWPx3$&$img0=AV4193_012
Nike Dri-FIT Player ,₹3995,2,https://images.nike.com/is/image/DotCom/pwp_sheet2?$NIKE_PWPx3$&$img0=BV5720_010&$img1=BV5720_094
Men's Checked Golf Polo ,₹1695,2,https://images.nike.com/is/image/DotCom/pwp_sheet2?$NIKE_PWPx3$&$img0=AO0668_100&$img1=AO0668_010
Nike ,₹1495,2,https://images.nike.com/is/image/DotCom/pwp_sheet2?$NIKE_PWPx3$&$img0=AT5715_451&$img1=AT5715_010
Men's Short-Sleeve Running Top ,₹3695,2,https://images.nike.com/is/image/DotCom/pwp_sheet2?$NIKE_PWPx3$&$img0=AT8941_010
Jordan Flight ,₹2795,2,https://images.nike.com/is/image/DotCom/pwp_sheet2?$NIKE_PWPx3$&$img0=CD9557_100&$img1=CD9557_012
Men's Tank ,₹1995,2,https://images.nike.com/is/image/DotCom/pwp_sheet2?$NIKE_PWPx3$&$img0=BV4626_010
Nike Dri-FIT Academy ,₹1695,2,https://images.nike.com/is/image/DotCom/pwp_sheet2?$NIKE_PWPx3$&$img0=BV8333_100&$img1=BV8333_010
Men's Short-Sleeve Football Top ,₹1695,2,https://images.nike.com/is/image/DotCom/pwp_sheet2?$NIKE_PWPx3$&$img0=BV7508_010&$img1=BV7508_410
Nike Dri-FIT Player ,₹1695,2,https://images.nike.com/is/image/DotCom/pwp_sheet2?$NIKE_PWPx3$&$img0=BV7578_010&$img1=BV7578_100
Men's Golf Polo ,₹4695,2,https://images.nike.com/is/image/DotCom/pwp_sheet2?$NIKE_PWPx3$&$img0=AJ5553_411
Giannis ,₹1995,2,https://images.nike.com/is/image/DotCom/pwp_sheet2?$NIKE_PWPx3$&$img0=AT8817_100&$img1=AT8817_010
Men's Sleeveless Basketball Top ,₹1695,2,https://images.nike.com/is/image/DotCom/pwp_sheet2?$NIKE_PWPx3$&$img0=BV8266_010&$img1=BV8266_100
Nike Dri-FIT Miler ,₹4995,2,https://images.nike.com/is/image/DotCom/pwp_sheet2?$NIKE_PWPx3$&$img0=AV6629_010
Men's Short-Sleeve Running Top ,₹3495,2,https://images.nike.com/is/image/DotCom/pwp_sheet2?$NIKE_PWPx3$&$img0=BV4687_097&$img1=BV4687_405
Nike Dri-FIT Kobe ,₹3695,2,https://images.nike.com/is/image/DotCom/pwp_sheet2?$NIKE_PWPx3$&$img0=AV3232_010
Men's T-Shirt ,₹3695,2,https://images.nike.com/is/image/DotCom/pwp_sheet2?$NIKE_PWPx3$&$img0=AT5892_010&$img1=AT5892_435
Nike Sportswear ,₹2795,2,https://images.nike.com/is/image/DotCom/pwp_sheet2?$NIKE_PWPx3$&$img0=AT6112_543&$img1=AT6112_739&$img2=AT6112_010
Men's T-Shirt ,₹2995,2,https://images.nike.com/is/image/DotCom/pwp_sheet2?$NIKE_PWPx3$&$img0=BV5548_010&$img1=BV5548_505
Nike Sportswear ,₹2495,2,https://images.nike.com/is/image/DotCom/pwp_sheet2?$NIKE_PWPx3$&$img0=AJ8797_010&$img1=AJ8797_402&$img2=AJ8797_056
Men's T-Shirt ,₹2495,2,https://images.nike.com/is/image/DotCom/pwp_sheet2?$NIKE_PWPx3$&$img0=AQ9918_010&$img1=AQ9918_059
Paris Saint-Germain 2019/20 Stadium Home ,₹2495,2,https://images.nike.com/is/image/DotCom/pwp_sheet2?$NIKE_PWPx3$&$img0=AQ9920_010&$img1=AQ9920_100&$img2=AQ9920_326
Men's Football Shirt ,₹2495,2,https://images.nike.com/is/image/DotCom/pwp_sheet2?$NIKE_PWPx3$&$img0=AT8872_010
Jordan 23 Engineered ,₹2295,2,https://images.nike.com/is/image/DotCom/pwp_sheet2?$NIKE_PWPx3$&$img0=AT8942_010&$img1=AT8942_741
Men's T-Shirt ,₹1995,2,https://images.nike.com/is/image/DotCom/pwp_sheet2?$NIKE_PWPx3$&$img0=AJ7575_438&$img1=AJ7575_100&$img2=AJ7575_010
Giannis Nike Dri-FIT ,₹1295,2,https://images.nike.com/is/image/DotCom/pwp_sheet2?$NIKE_PWPx3$&$img0=AR5005_370&$img1=AR5005_108&$img2=AR5005_101
Men's Basketball T-Shirt ,₹1695,2,https://images.nike.com/is/image/DotCom/pwp_sheet2?$NIKE_PWPx3$&$img0=BV8268_010
Jordan Sport DNA ,₹1695,2,https://images.nike.com/is/image/DotCom/pwp_sheet2?$NIKE_PWPx3$&$img0=CJ9101_100
Men's Jersey ,₹1695,2,https://images.nike.com/is/image/DotCom/pwp_sheet2?$NIKE_PWPx3$&$img0=BV8321_010&$img1=BV8321_100
Nike TechKnit Ultra ,₹1695,2,https://images.nike.com/is/image/DotCom/pwp_sheet2?$NIKE_PWPx3$&$img0=BV7948_010
Men's Short-Sleeve Running Top ,₹1695,2,https://images.nike.com/is/image/DotCom/pwp_sheet2?$NIKE_PWPx3$&$img0=AJ7563_100&$img1=AJ7563_010
Jordan Wings Classics ,₹1695,2,https://images.nike.com/is/image/DotCom/pwp_sheet2?$NIKE_PWPx3$&$img0=AJ7566_438
Men's Mesh Jersey ,₹1695,2,https://images.nike.com/is/image/DotCom/pwp_sheet2?$NIKE_PWPx3$&$img0=BV7675_021
Nike Dri-FIT Strike ,₹1695,2,https://images.nike.com/is/image/DotCom/pwp_sheet2?$NIKE_PWPx3$&$img0=BV7889_100
Men's Football Drill Top ,₹1695,2,https://images.nike.com/is/image/DotCom/pwp_sheet2?$NIKE_PWPx3$&$img0=BV7646_100
The Nike Polo ,₹1695,2,https://images.nike.com/is/image/DotCom/pwp_sheet2?$NIKE_PWPx3$&$img0=BV7632_746&$img1=BV7632_410
Men's Polo ,₹1695,2,https://images.nike.com/is/image/DotCom/pwp_sheet2?$NIKE_PWPx3$&$img0=CJ7618_100
Nike ,₹1695,2,https://images.nike.com/is/image/DotCom/pwp_sheet2?$NIKE_PWPx3$&$img0=BV7022_100&$img1=BV7022_015
Men's Short-Sleeve Mesh Running Top ,₹1695,2,https://images.nike.com/is/image/DotCom/pwp_sheet2?$NIKE_PWPx3$&$img0=BV7014_100
Nike Dri-FIT ,₹1695,2,https://images.nike.com/is/image/DotCom/pwp_sheet2?$NIKE_PWPx3$&$img0=BV5809_063&$img1=BV5809_100
Men's Short-Sleeve Yoga Training Top ,₹1495,2,https://images.nike.com/is/image/DotCom/pwp_sheet2?$NIKE_PWPx3$&$img0=AV3242_010
Nike Rise 365 ,₹1495,2,https://images.nike.com/is/image/DotCom/pwp_sheet2?$NIKE_PWPx3$&$img0=CJ0921_010
Men's Running Tank ,₹1495,2,https://images.nike.com/is/image/DotCom/pwp_sheet2?$NIKE_PWPx3$&$img0=BV7972_100&$img1=BV7972_010
Nike Rise 365 ,₹1495,2,https://images.nike.com/is/image/DotCom/pwp_sheet2?$NIKE_PWPx3$&$img0=CD3176_480&$img1=CD3176_010
Men's Short-Sleeve Running Top ,₹1495,2,https://images.nike.com/is/image/DotCom/pwp_sheet2?$NIKE_PWPx3$&$img0=AQ8007_362
Jordan Remastered ,₹1495,2,https://images.nike.com/is/image/DotCom/pwp_sheet2?$NIKE_PWPx3$&$img0=BV7052_251&$img1=BV7052_010
Men's T-Shirt ,₹1495,2,https://images.nike.com/is/image/DotCom/pwp_sheet2?$NIKE_PWPx3$&$img0=BV7036_251&$img1=BV7036_010
Jordan DNA ,₹1495,2,https://images.nike.com/is/image/DotCom/pwp_sheet2?$NIKE_PWPx3$&$img0=BV7044_063&$img1=BV7044_100
Men's T-Shirt ,₹1495,2,https://images.nike.com/is/image/DotCom/pwp_sheet2?$NIKE_PWPx3$&$img0=BV7038_100
Nike Dri-FIT Miler ,₹1495,2,https://images.nike.com/is/image/DotCom/pwp_sheet2?$NIKE_PWPx3$&$img0=BV7042_010
Men's Running Top ,₹1495,2,https://images.nike.com/is/image/DotCom/pwp_sheet2?$NIKE_PWPx3$&$img0=BV7572_677
Nike Sportswear ,₹3695,2,https://images.nike.com/is/image/DotCom/pwp_sheet2?$NIKE_PWPx3$&$img0=CQ3655_063&$img1=CQ3655_323
Men's T-Shirt ,₹1995,2,https://images.nike.com/is/image/DotCom/pwp_sheet2?$NIKE_PWPx3$&$img0=CK2342_063&$img1=CK2342_323
Giannis Nike Dri-FIT ,₹8995,2,https://images.nike.com/is/image/DotCom/pwp_sheet2?$NIKE_PWPx3$&$img0=BV7130_010
Men's Logo Basketball T-Shirt ,₹4695,2,https://images.nike.com/is/image/DotCom/pwp_sheet2?$NIKE_PWPx3$&$img0=AJ5532_456
Jordan Legacy AJ4 ,₹1995,2,https://images.nike.com/is/image/DotCom/pwp_sheet2?$NIKE_PWPx3$&$img0=BQ5560_100&$img1=BQ5560_010
Men's T-Shirt ,₹7495,2,https://images.nike.com/is/image/DotCom/pwp_sheet2?$NIKE_PWPx3$&$img0=BQ5411_010
Nike Dri-FIT Kyrie ,₹7495,2,https://images.nike.com/is/image/DotCom/pwp_sheet2?$NIKE_PWPx3$&$img0=BQ5415_010
Men's T-Shirt ,₹7495,2,https://images.nike.com/is/image/DotCom/pwp_sheet2?$NIKE_PWPx3$&$img0=BQ5410_010
Jordan 23 Engineered ,₹7995,3,https://images.nike.com/is/image/DotCom/pwp_sheet2?$NIKE_PWPx3$&$img0=AT9779_333
1/2-Zip Hoodie ,₹7995,3,https://images.nike.com/is/image/DotCom/pwp_sheet2?$NIKE_PWPx3$&$img0=AT9779_010
Jordan 23 Engineered ,₹3995,3,https://images.nike.com/is/image/DotCom/pwp_sheet2?$NIKE_PWPx3$&$img0=CI9585_010
1/2-Zip Hoodie ,₹3995,3,https://images.nike.com/is/image/DotCom/pwp_sheet2?$NIKE_PWPx3$&$img0=CI9585_021
Nike Sportswear ,₹2295,3,https://images.nike.com/is/image/DotCom/pwp_sheet2?$NIKE_PWPx3$&$img0=AT8938_010
Men's Full-Zip Hoodie ,₹3695,3,https://images.nike.com/is/image/DotCom/pwp_sheet2?$NIKE_PWPx3$&$img0=CQ3655_323
Nike Sportswear ,₹3695,3,https://images.nike.com/is/image/DotCom/pwp_sheet2?$NIKE_PWPx3$&$img0=CQ3655_063
Men's Full-Zip Hoodie ,₹4995,3,https://images.nike.com/is/image/DotCom/pwp_sheet2?$NIKE_PWPx3$&$img0=BV7133_010
Jordan DNA ,₹3495,3,https://images.nike.com/is/image/DotCom/pwp_sheet2?$NIKE_PWPx3$&$img0=CD6534_010
Men's Long-Sleeve Crew ,₹3495,3,https://images.nike.com/is/image/DotCom/pwp_sheet2?$NIKE_PWPx3$&$img0=CD6534_100
Nike x Stranger Things ,₹4295,3,https://images.nike.com/is/image/DotCom/pwp_sheet2?$NIKE_PWPx3$&$img0=AR1623_475
Men's Club Hoodie ,₹4295,3,https://images.nike.com/is/image/DotCom/pwp_sheet2?$NIKE_PWPx3$&$img0=AR1623_741
Nike x Stranger Things ,₹3495,3,https://images.nike.com/is/image/DotCom/pwp_sheet2?$NIKE_PWPx3$&$img0=BQ7199_819
Men's Club Hoodie ,₹5495,3,https://images.nike.com/is/image/DotCom/pwp_sheet2?$NIKE_PWPx3$&$img0=AO0263_451
Nike x Undercover ,₹3995,3,https://images.nike.com/is/image/DotCom/pwp_sheet2?$NIKE_PWPx3$&$img0=BQ7199_697
Men's Long-Sleeve Top ,₹3695,3,https://images.nike.com/is/image/DotCom/pwp_sheet2?$NIKE_PWPx3$&$img0=BQ7199_121
Nike BETRUE ,₹5495,3,https://images.nike.com/is/image/DotCom/pwp_sheet2?$NIKE_PWPx3$&$img0=BQ7199_010
Pullover Hoodie ,₹5495,3,https://images.nike.com/is/image/DotCom/pwp_sheet2?$NIKE_PWPx3$&$img0=BQ7289_121
Nike BETRUE ,₹5495,3,https://images.nike.com/is/image/DotCom/pwp_sheet2?$NIKE_PWPx3$&$img0=AR5612_010
Pullover Hoodie ,₹4995,3,https://images.nike.com/is/image/DotCom/pwp_sheet2?$NIKE_PWPx3$&$img0=861559_850
Nike Sportswear NSW ,₹4295,3,https://images.nike.com/is/image/DotCom/pwp_sheet2?$NIKE_PWPx3$&$img0=861559_091
French Terry Crew ,₹3695,3,https://images.nike.com/is/image/DotCom/pwp_sheet2?$NIKE_PWPx3$&$img0=926444_010
Nike Sportswear NSW ,₹3695,3,https://images.nike.com/is/image/DotCom/pwp_sheet2?$NIKE_PWPx3$&$img0=928700_063
French Terry Crew ,₹3695,3,https://images.nike.com/is/image/DotCom/pwp_sheet2?$NIKE_PWPx3$&$img0=AQ1141_060
Nike AF-1 ,₹3295,3,https://images.nike.com/is/image/DotCom/pwp_sheet2?$NIKE_PWPx3$&$img0=928484_010
Men's Pullover Hoodie ,₹3695,3,https://images.nike.com/is/image/DotCom/pwp_sheet2?$NIKE_PWPx3$&$img0=928484_063
Nike ACG ,₹3695,3,https://images.nike.com/is/image/DotCom/pwp_sheet2?$NIKE_PWPx3$&$img0=CJ1787_010
Pullover Hoodie ,₹11995,3,https://images.nike.com/is/image/DotCom/pwp_sheet2?$NIKE_PWPx3$&$img0=CI0257_010
Jordan Legacy AJ4 ,₹3995,3,https://images.nike.com/is/image/DotCom/pwp_sheet2?$NIKE_PWPx3$&$img0=AO0263_664
Men's Fleece Pullover Hoodie ,₹6995,3,https://images.nike.com/is/image/DotCom/pwp_sheet2?$NIKE_PWPx3$&$img0=AT9755_222
Nike SB Icon ,₹2795,3,https://images.nike.com/is/image/DotCom/pwp_sheet2?$NIKE_PWPx3$&$img0=AJ9733_010
Skate Hoodie ,₹2795,3,https://images.nike.com/is/image/DotCom/pwp_sheet2?$NIKE_PWPx3$&$img0=BV5454_100
Nike ACG ,₹5995,3,https://images.nike.com/is/image/DotCom/pwp_sheet2?$NIKE_PWPx3$&$img0=BV5454_010
Pullover Hoodie ,₹3895,3,https://images.nike.com/is/image/DotCom/pwp_sheet2?$NIKE_PWPx3$&$img0=940962_495
Nike ACG ,₹3695,3,https://images.nike.com/is/image/DotCom/pwp_sheet2?$NIKE_PWPx3$&$img0=926444_494
Pullover Hoodie ,₹3695,3,https://images.nike.com/is/image/DotCom/pwp_sheet2?$NIKE_PWPx3$&$img0=929303_419
Nike ACG ,₹3695,3,https://images.nike.com/is/image/DotCom/pwp_sheet2?$NIKE_PWPx3$&$img0=940863_032
Pullover Hoodie ,₹2895,3,https://images.nike.com/is/image/DotCom/pwp_sheet2?$NIKE_PWPx3$&$img0=940961_495
NikeLab Collection ,₹3695,3,https://images.nike.com/is/image/DotCom/pwp_sheet2?$NIKE_PWPx3$&$img0=AT9779_333
Men's Top ,₹5095,3,https://images.nike.com/is/image/DotCom/pwp_sheet2?$NIKE_PWPx3$&$img0=AT9779_010
NikeLab Collection ,₹5095,3,https://images.nike.com/is/image/DotCom/pwp_sheet2?$NIKE_PWPx3$&$img0=CI9585_010
Men's Printed Hoodie ,₹3497,3,https://images.nike.com/is/image/DotCom/pwp_sheet2?$NIKE_PWPx3$&$img0=CI9585_021
Nike ACG ,₹6997,3,https://images.nike.com/is/image/DotCom/pwp_sheet2?$NIKE_PWPx3$&$img0=AT8938_010
Long-Sleeve Top ,₹5597,3,https://images.nike.com/is/image/DotCom/pwp_sheet2?$NIKE_PWPx3$&$img0=CQ3655_323
Nike SB Icon ,₹2307,3,https://images.nike.com/is/image/DotCom/pwp_sheet2?$NIKE_PWPx3$&$img0=CQ3655_063
Skate Hoodie ,₹2307,3,https://images.nike.com/is/image/DotCom/pwp_sheet2?$NIKE_PWPx3$&$img0=BV7133_010
Nike SB Icon ,₹2307,3,https://images.nike.com/is/image/DotCom/pwp_sheet2?$NIKE_PWPx3$&$img0=CD6534_010
Camo Skate Hoodie ,₹2957,3,https://images.nike.com/is/image/DotCom/pwp_sheet2?$NIKE_PWPx3$&$img0=CD6534_100
Nike SB Icon ,₹3197,3,https://images.nike.com/is/image/DotCom/pwp_sheet2?$NIKE_PWPx3$&$img0=AR1623_475
Pullover Skate Hoodie ,₹7997,3,https://images.nike.com/is/image/DotCom/pwp_sheet2?$NIKE_PWPx3$&$img0=AR1623_741
Jordan Legacy Flight Nostalgia AJ 9 ,₹2957,3,https://images.nike.com/is/image/DotCom/pwp_sheet2?$NIKE_PWPx3$&$img0=BQ7199_819
Men's Pullover Hoodie ,₹3197,3,https://images.nike.com/is/image/DotCom/pwp_sheet2?$NIKE_PWPx3$&$img0=AO0263_451
Jordan Legacy Flight Nostalgia AJ 9 ,₹2587,3,https://images.nike.com/is/image/DotCom/pwp_sheet2?$NIKE_PWPx3$&$img0=BQ7199_697
Men's Pullover Hoodie ,₹3197,3,https://images.nike.com/is/image/DotCom/pwp_sheet2?$NIKE_PWPx3$&$img0=BQ7199_121
Nike x MMW ,₹2957,3,https://images.nike.com/is/image/DotCom/pwp_sheet2?$NIKE_PWPx3$&$img0=BQ7199_010
Men's Pullover Hoodie ,₹8397,3,https://images.nike.com/is/image/DotCom/pwp_sheet2?$NIKE_PWPx3$&$img0=BQ7289_121
NikeLab Collection ,₹3847,3,https://images.nike.com/is/image/DotCom/pwp_sheet2?$NIKE_PWPx3$&$img0=AR5612_010
Men's Pullover Hoodie ,₹3437,3,https://images.nike.com/is/image/DotCom/pwp_sheet2?$NIKE_PWPx3$&$img0=861559_850
Nike Sportswear Windrunner ,₹5495,4,https://images.nike.com/is/image/DotCom/pwp_sheet2?$NIKE_PWPx3$&$img0=AR2210_410
Men's Hooded Jacket ,₹5495,4,https://images.nike.com/is/image/DotCom/pwp_sheet2?$NIKE_PWPx3$&$img0=AR2210_381
Nike Sportswear Windrunner ,₹5495,4,https://images.nike.com/is/image/DotCom/pwp_sheet2?$NIKE_PWPx3$&$img0=AR2210_012
Men's Hooded Jacket ,₹4995,4,https://images.nike.com/is/image/DotCom/pwp_sheet2?$NIKE_PWPx3$&$img0=BV3304_010
Nike Sportswear Windrunner ,₹16995,4,https://images.nike.com/is/image/DotCom/pwp_sheet2?$NIKE_PWPx3$&$img0=BQ7290_634
Men's Hooded Jacket ,₹16995,4,https://images.nike.com/is/image/DotCom/pwp_sheet2?$NIKE_PWPx3$&$img0=BV7138_010
Nike Flex ,₹5995,4,https://images.nike.com/is/image/DotCom/pwp_sheet2?$NIKE_PWPx3$&$img0=BQ7341_121
Men's Full-Zip Training Jacket ,₹14995,4,https://images.nike.com/is/image/DotCom/pwp_sheet2?$NIKE_PWPx3$&$img0=BV0192_100
NikeLab Collection ,₹15995,4,https://images.nike.com/is/image/DotCom/pwp_sheet2?$NIKE_PWPx3$&$img0=BQ7290_041
Men's Jacket ,₹9995,4,https://images.nike.com/is/image/DotCom/pwp_sheet2?$NIKE_PWPx3$&$img0=BQ5434_012
NikeLab Collection ,₹6995,4,https://images.nike.com/is/image/DotCom/pwp_sheet2?$NIKE_PWPx3$&$img0=BQ5431_455
Men's Jacket ,₹5995,4,https://images.nike.com/is/image/DotCom/pwp_sheet2?$NIKE_PWPx3$&$img0=AR1633_133
Nike ACG ,₹10995,4,https://images.nike.com/is/image/DotCom/pwp_sheet2?$NIKE_PWPx3$&$img0=AR1721_891
Men's Gilet ,₹10995,4,https://images.nike.com/is/image/DotCom/pwp_sheet2?$NIKE_PWPx3$&$img0=AR1870_060
Nike x Undercover ,₹8995,4,https://images.nike.com/is/image/DotCom/pwp_sheet2?$NIKE_PWPx3$&$img0=AR1870_107
Men's Track Suit ,₹6995,4,https://images.nike.com/is/image/DotCom/pwp_sheet2?$NIKE_PWPx3$&$img0=AR1870_406
Nike x Fear of God ,₹19995,4,https://images.nike.com/is/image/DotCom/pwp_sheet2?$NIKE_PWPx3$&$img0=AQ6713_100
Men's 1/2-Zip Jacket ,₹6495,4,https://images.nike.com/is/image/DotCom/pwp_sheet2?$NIKE_PWPx3$&$img0=AR1721_438
Nike ACG ,₹6495,4,https://images.nike.com/is/image/DotCom/pwp_sheet2?$NIKE_PWPx3$&$img0=CD6132_639
Jacket ,₹6495,4,https://images.nike.com/is/image/DotCom/pwp_sheet2?$NIKE_PWPx3$&$img0=CD6132_011
Nike BRS ,₹10995,4,https://images.nike.com/is/image/DotCom/pwp_sheet2?$NIKE_PWPx3$&$img0=AR0258_390
Running Jacket ,₹6995,4,https://images.nike.com/is/image/DotCom/pwp_sheet2?$NIKE_PWPx3$&$img0=AR0258_021
Nike ACG ,₹8995,4,https://images.nike.com/is/image/DotCom/pwp_sheet2?$NIKE_PWPx3$&$img0=AR2210_100
Men's Gilet ,₹8995,4,https://images.nike.com/is/image/DotCom/pwp_sheet2?$NIKE_PWPx3$&$img0=AJ1069_010
Nike x CLOT ,₹5495,4,https://images.nike.com/is/image/DotCom/pwp_sheet2?$NIKE_PWPx3$&$img0=AR5611_010
Men's Tracksuit ,₹5495,4,https://images.nike.com/is/image/DotCom/pwp_sheet2?$NIKE_PWPx3$&$img0=AR2192_100
Nike x CLOT ,₹5995,4,https://images.nike.com/is/image/DotCom/pwp_sheet2?$NIKE_PWPx3$&$img0=CI6890_480
Men's Woven Track Suit ,₹5495,4,https://images.nike.com/is/image/DotCom/pwp_sheet2?$NIKE_PWPx3$&$img0=926444_010
Nike Sportswear ,₹5995,4,https://images.nike.com/is/image/DotCom/pwp_sheet2?$NIKE_PWPx3$&$img0=928498_010
Printed Jacket ,₹5495,4,https://images.nike.com/is/image/DotCom/pwp_sheet2?$NIKE_PWPx3$&$img0=928484_010
Nike Windrunner ,₹8995,4,https://images.nike.com/is/image/DotCom/pwp_sheet2?$NIKE_PWPx3$&$img0=928484_063
Men's Printed Running Jacket ,₹8995,4,https://images.nike.com/is/image/DotCom/pwp_sheet2?$NIKE_PWPx3$&$img0=AA1569_604
Nike x Fear of God ,₹19995,4,https://images.nike.com/is/image/DotCom/pwp_sheet2?$NIKE_PWPx3$&$img0=AV8265_010
Parka ,₹6995,4,https://images.nike.com/is/image/DotCom/pwp_sheet2?$NIKE_PWPx3$&$img0=AV8265_511
Nike Sportswear ,₹5495,4,https://images.nike.com/is/image/DotCom/pwp_sheet2?$NIKE_PWPx3$&$img0=AJ1069_301
Men's Hooded Woven Jacket ,₹24995,4,https://images.nike.com/is/image/DotCom/pwp_sheet2?$NIKE_PWPx3$&$img0=BQ7198_010
Nike Sportswear ,₹5995,4,https://images.nike.com/is/image/DotCom/pwp_sheet2?$NIKE_PWPx3$&$img0=AJ9151_495
Men's Hooded Woven Jacket ,₹9995,4,https://images.nike.com/is/image/DotCom/pwp_sheet2?$NIKE_PWPx3$&$img0=AR2192_010
Nike Sportswear ,₹3695,4,https://images.nike.com/is/image/DotCom/pwp_sheet2?$NIKE_PWPx3$&$img0=926444_494
Men's Hooded Woven Jacket ,₹4495,4,https://images.nike.com/is/image/DotCom/pwp_sheet2?$NIKE_PWPx3$&$img0=940863_032
Nike Breathe Pro ,₹5095,4,https://images.nike.com/is/image/DotCom/pwp_sheet2?$NIKE_PWPx3$&$img0=AH8715_451
Men's Running Jacket ,₹5095,4,https://images.nike.com/is/image/DotCom/pwp_sheet2?$NIKE_PWPx3$&$img0=923793_010
Nike Windrunner ,₹6995,4,https://images.nike.com/is/image/DotCom/pwp_sheet2?$NIKE_PWPx3$&$img0=890301_010
Men's Printed Running Jacket ,₹12797,4,https://images.nike.com/is/image/DotCom/pwp_sheet2?$NIKE_PWPx3$&$img0=AR2210_410
Nike x atmos ,₹12797,4,https://images.nike.com/is/image/DotCom/pwp_sheet2?$NIKE_PWPx3$&$img0=AR2210_381
Men's Track Jacket ,₹7697,4,https://images.nike.com/is/image/DotCom/pwp_sheet2?$NIKE_PWPx3$&$img0=AR2210_012
Nike x atmos ,₹11897,4,https://images.nike.com/is/image/DotCom/pwp_sheet2?$NIKE_PWPx3$&$img0=BV3304_010
Men's Track Jacket ,₹3357,4,https://images.nike.com/is/image/DotCom/pwp_sheet2?$NIKE_PWPx3$&$img0=BQ7290_634
Nike Windrunner ,₹6997,4,https://images.nike.com/is/image/DotCom/pwp_sheet2?$NIKE_PWPx3$&$img0=BV7138_010
Men's Running Jacket ,₹6997,4,https://images.nike.com/is/image/DotCom/pwp_sheet2?$NIKE_PWPx3$&$img0=BQ7341_121
Nike Windrunner ,₹5597,4,https://images.nike.com/is/image/DotCom/pwp_sheet2?$NIKE_PWPx3$&$img0=BV0192_100
Men's Running Jacket ,₹4797,4,https://images.nike.com/is/image/DotCom/pwp_sheet2?$NIKE_PWPx3$&$img0=BQ7290_041
Jordan 23 Engineered ,₹4797,4,https://images.nike.com/is/image/DotCom/pwp_sheet2?$NIKE_PWPx3$&$img0=BQ5434_012
Lightweight Training Jacket ,₹6997,4,https://images.nike.com/is/image/DotCom/pwp_sheet2?$NIKE_PWPx3$&$img0=BQ5431_455
Nike Sportswear Windrunner ,₹6997,4,https://images.nike.com/is/image/DotCom/pwp_sheet2?$NIKE_PWPx3$&$img0=AR1633_133
Men's Hooded Jacket ,₹11997,4,https://images.nike.com/is/image/DotCom/pwp_sheet2?$NIKE_PWPx3$&$img0=AR1721_891
Jordan 23 Engineered ,₹11997,4,https://images.nike.com/is/image/DotCom/pwp_sheet2?$NIKE_PWPx3$&$img0=AR1870_060
Lightweight Training Jacket ,₹11997,4,https://images.nike.com/is/image/DotCom/pwp_sheet2?$NIKE_PWPx3$&$img0=AR1870_107
KD ,₹4397,4,https://images.nike.com/is/image/DotCom/pwp_sheet2?$NIKE_PWPx3$&$img0=AR1870_406
Men's Basketball Jacket ,₹16097,4,https://images.nike.com/is/image/DotCom/pwp_sheet2?$NIKE_PWPx3$&$img0=AQ6713_100
Jordan 23 Engineered ,₹5995,5,https://images.nike.com/is/image/DotCom/pwp_sheet2?$NIKE_PWPx3$&$img0=BV5696_010
Trousers ,₹4495,5,https://images.nike.com/is/image/DotCom/pwp_sheet2?$NIKE_PWPx3$&$img0=AT9783_010
Giannis ,₹5995,5,https://images.nike.com/is/image/DotCom/pwp_sheet2?$NIKE_PWPx3$&$img0=CD9553_010
Men's Basketball Tracksuit Bottoms ,₹4295,5,https://images.nike.com/is/image/DotCom/pwp_sheet2?$NIKE_PWPx3$&$img0=BV4810_010
Nike Swift ,₹3995,5,https://images.nike.com/is/image/DotCom/pwp_sheet2?$NIKE_PWPx3$&$img0=BV4816_010
Men's Running Trousers ,₹3995,5,https://images.nike.com/is/image/DotCom/pwp_sheet2?$NIKE_PWPx3$&$img0=BV3269_010
Nike Phenom ,₹3495,5,https://images.nike.com/is/image/DotCom/pwp_sheet2?$NIKE_PWPx3$&$img0=BV2628_410&$img1=BV2628_010
Men's Running Trousers ,₹2995,5,https://images.nike.com/is/image/DotCom/pwp_sheet2?$NIKE_PWPx3$&$img0=BV4834_010
Nike Dri-FIT Flex ,₹2395,5,https://images.nike.com/is/image/DotCom/pwp_sheet2?$NIKE_PWPx3$&$img0=BV3095_021&$img1=BV3095_010
Men's Training Trousers ,₹2495,5,https://images.nike.com/is/image/DotCom/pwp_sheet2?$NIKE_PWPx3$&$img0=AJ9730_010
Nike Sportswear ,₹3495,5,https://images.nike.com/is/image/DotCom/pwp_sheet2?$NIKE_PWPx3$&$img0=AT3383_010&$img1=AT3383_100
Men's Tearaway Trousers ,₹14995,5,https://images.nike.com/is/image/DotCom/pwp_sheet2?$NIKE_PWPx3$&$img0=CQ3656_063&$img1=CQ3656_323
Nike Essential ,₹3995,5,https://images.nike.com/is/image/DotCom/pwp_sheet2?$NIKE_PWPx3$&$img0=BV7138_010
Men's Woven Running Trousers ,₹2495,5,https://images.nike.com/is/image/DotCom/pwp_sheet2?$NIKE_PWPx3$&$img0=928004_011
Nike Sportswear ,₹15995,5,https://images.nike.com/is/image/DotCom/pwp_sheet2?$NIKE_PWPx3$&$img0=BQ5434_012
Men's Trousers ,₹14995,5,https://images.nike.com/is/image/DotCom/pwp_sheet2?$NIKE_PWPx3$&$img0=BQ5431_455
Nike Dri-FIT Academy ,₹10995,5,https://images.nike.com/is/image/DotCom/pwp_sheet2?$NIKE_PWPx3$&$img0=AR1874_406&$img1=AR1874_060&$img2=AR1874_121
Men's Football Pants ,₹10995,5,https://images.nike.com/is/image/DotCom/pwp_sheet2?$NIKE_PWPx3$&$img0=AR1629_011
Nike Pro ,₹14995,5,https://images.nike.com/is/image/DotCom/pwp_sheet2?$NIKE_PWPx3$&$img0=AO1814_100
Men's 3/4 Basketball Tights ,₹4295,5,https://images.nike.com/is/image/DotCom/pwp_sheet2?$NIKE_PWPx3$&$img0=CD6133_011&$img1=CD6133_639
Nike x Stranger Things ,₹4295,5,https://images.nike.com/is/image/DotCom/pwp_sheet2?$NIKE_PWPx3$&$img0=AJ8001_010
Men's Fleece Trousers ,₹4495,5,https://images.nike.com/is/image/DotCom/pwp_sheet2?$NIKE_PWPx3$&$img0=AT4242_010
Nike x Undercover ,₹2295,5,https://images.nike.com/is/image/DotCom/pwp_sheet2?$NIKE_PWPx3$&$img0=AO1800_010
Men's Track Suit ,₹4295,5,https://images.nike.com/is/image/DotCom/pwp_sheet2?$NIKE_PWPx3$&$img0=AJ7958_021&$img1=AJ7958_133
Nike Essential ,₹2495,5,https://images.nike.com/is/image/DotCom/pwp_sheet2?$NIKE_PWPx3$&$img0=AO1794_010
Men's Woven Running Trousers ,₹5495,5,https://images.nike.com/is/image/DotCom/pwp_sheet2?$NIKE_PWPx3$&$img0=CI6890_480
Nike Sportswear ,₹3695,5,https://images.nike.com/is/image/DotCom/pwp_sheet2?$NIKE_PWPx3$&$img0=889711_014
Men's Woven Tracksuit Bottoms ,₹4095,5,https://images.nike.com/is/image/DotCom/pwp_sheet2?$NIKE_PWPx3$&$img0=AO1209_060&$img1=AO1209_010
NikeLab Collection ,₹3695,5,https://images.nike.com/is/image/DotCom/pwp_sheet2?$NIKE_PWPx3$&$img0=AJ9729_013&$img1=AJ9729_010
Men's Pants ,₹3295,5,https://images.nike.com/is/image/DotCom/pwp_sheet2?$NIKE_PWPx3$&$img0=928442_395
Nike x Fear of God ,₹2995,5,https://images.nike.com/is/image/DotCom/pwp_sheet2?$NIKE_PWPx3$&$img0=922035_010
Men's Woven Trousers ,₹2295,5,https://images.nike.com/is/image/DotCom/pwp_sheet2?$NIKE_PWPx3$&$img0=925821_010&$img1=925821_100
Nike x CLOT ,₹3995,5,https://images.nike.com/is/image/DotCom/pwp_sheet2?$NIKE_PWPx3$&$img0=839364_451
Men's Tracksuit ,₹2195,5,https://images.nike.com/is/image/DotCom/pwp_sheet2?$NIKE_PWPx3$&$img0=805163_010&$img1=805163_063
Nike x CLOT ,₹4495,5,https://images.nike.com/is/image/DotCom/pwp_sheet2?$NIKE_PWPx3$&$img0=AA4200_010
Men's Woven Track Suit ,₹1995,5,https://images.nike.com/is/image/DotCom/pwp_sheet2?$NIKE_PWPx3$&$img0=838056_010
Nike x Fear of God ,₹4995,5,https://images.nike.com/is/image/DotCom/pwp_sheet2?$NIKE_PWPx3$&$img0=838068_010
All-over Print Trousers ,₹5995,5,https://images.nike.com/is/image/DotCom/pwp_sheet2?$NIKE_PWPx3$&$img0=838062_091&$img1=838062_010
Nike Sportswear ,₹6995,5,https://images.nike.com/is/image/DotCom/pwp_sheet2?$NIKE_PWPx3$&$img0=AQ5062_010
Men's Woven Trousers ,₹3295,5,https://images.nike.com/is/image/DotCom/pwp_sheet2?$NIKE_PWPx3$&$img0=AV8268_590&$img1=AV8268_010
Nike Sportswear NSW ,₹3695,5,https://images.nike.com/is/image/DotCom/pwp_sheet2?$NIKE_PWPx3$&$img0=AR1551_471
Men's Woven Trousers ,₹1595,5,https://images.nike.com/is/image/DotCom/pwp_sheet2?$NIKE_PWPx3$&$img0=AA0691_056
NikeLab Collection ,₹5495,5,https://images.nike.com/is/image/DotCom/pwp_sheet2?$NIKE_PWPx3$&$img0=AA1996_010&$img1=AA1996_036
Men's Fleece Trousers ,₹2395,5,https://images.nike.com/is/image/DotCom/pwp_sheet2?$NIKE_PWPx3$&$img0=BQ3775_013&$img1=BQ3775_015
Nike Pro ,₹5895,5,https://images.nike.com/is/image/DotCom/pwp_sheet2?$NIKE_PWPx3$&$img0=AJ3390_010&$img1=AJ3390_050
Men's 3/4 Tights ,₹2795,5,https://images.nike.com/is/image/DotCom/pwp_sheet2?$NIKE_PWPx3$&$img0=928584_010
Nike x atmos ,₹5995,5,https://images.nike.com/is/image/DotCom/pwp_sheet2?$NIKE_PWPx3$&$img0=923798_325
Men's Tracksuit Bottoms ,₹2495,5,https://images.nike.com/is/image/DotCom/pwp_sheet2?$NIKE_PWPx3$&$img0=BV5696_010
Jordan Dri-FIT 23 Alpha ,₹2395,5,https://images.nike.com/is/image/DotCom/pwp_sheet2?$NIKE_PWPx3$&$img0=AT9783_010
Men's Basketball Trousers ,₹5495,5,https://images.nike.com/is/image/DotCom/pwp_sheet2?$NIKE_PWPx3$&$img0=CD9553_010
Nike Sportswear Tech Pack ,₹2995,5,https://images.nike.com/is/image/DotCom/pwp_sheet2?$NIKE_PWPx3$&$img0=BV4810_010
Men's Knit Trousers ,₹2295,5,https://images.nike.com/is/image/DotCom/pwp_sheet2?$NIKE_PWPx3$&$img0=BV4816_010
Nike Phenom ,₹1895,5,https://images.nike.com/is/image/DotCom/pwp_sheet2?$NIKE_PWPx3$&$img0=BV3269_010
Men's Running Trousers ,₹1995,5,https://images.nike.com/is/image/DotCom/pwp_sheet2?$NIKE_PWPx3$&$img0=BV2628_410&$img1=BV2628_010
Nike Sportswear ,₹1495,5,https://images.nike.com/is/image/DotCom/pwp_sheet2?$NIKE_PWPx3$&$img0=BV4834_010
Men's Woven Trousers ,₹10397,5,https://images.nike.com/is/image/DotCom/pwp_sheet2?$NIKE_PWPx3$&$img0=BV3095_021&$img1=BV3095_010
Nike Power Tech ,₹3997,5,https://images.nike.com/is/image/DotCom/pwp_sheet2?$NIKE_PWPx3$&$img0=AJ9730_010
Men's Running Tights ,₹2797,5,https://images.nike.com/is/image/DotCom/pwp_sheet2?$NIKE_PWPx3$&$img0=AT3383_010&$img1=AT3383_100
Nike Essential ,₹8797,5,https://images.nike.com/is/image/DotCom/pwp_sheet2?$NIKE_PWPx3$&$img0=CQ3656_063&$img1=CQ3656_323
Men's Knit Running Trousers ,₹4797,5,https://images.nike.com/is/image/DotCom/pwp_sheet2?$NIKE_PWPx3$&$img0=BV7138_010
Jordan Jumpman ,₹2295,6,https://images.nike.com/is/image/DotCom/pwp_sheet2?$NIKE_PWPx3$&$img0=BV5688_247
Men's Graphic Basketball Shorts ,₹1895,6,https://images.nike.com/is/image/DotCom/pwp_sheet2?$NIKE_PWPx3$&$img0=BV5690_010&$img1=BV5690_370
Jordan Dri-FIT 23 Alpha ,₹4995,6,https://images.nike.com/is/image/DotCom/pwp_sheet2?$NIKE_PWPx3$&$img0=AJ3905_366&$img1=AJ3905_011&$img2=AJ3905_012
Men's Training Shorts ,₹2795,6,https://images.nike.com/is/image/DotCom/pwp_sheet2?$NIKE_PWPx3$&$img0=AV3211_010
Nike DNA ,₹3495,6,https://images.nike.com/is/image/DotCom/pwp_sheet2?$NIKE_PWPx3$&$img0=905782_013&$img1=905782_688
Men's Basketball Shorts ,₹3495,6,https://images.nike.com/is/image/DotCom/pwp_sheet2?$NIKE_PWPx3$&$img0=AT3154_657
Giannis ,₹3295,6,https://images.nike.com/is/image/DotCom/pwp_sheet2?$NIKE_PWPx3$&$img0=CD9555_480&$img1=CD9555_010
Men's Basketball Shorts ,₹2995,6,https://images.nike.com/is/image/DotCom/pwp_sheet2?$NIKE_PWPx3$&$img0=BV5310_657&$img1=BV5310_064
Nike Sportswear Swoosh ,₹2795,6,https://images.nike.com/is/image/DotCom/pwp_sheet2?$NIKE_PWPx3$&$img0=BV5587_045
Men's French Terry Shorts ,₹2295,6,https://images.nike.com/is/image/DotCom/pwp_sheet2?$NIKE_PWPx3$&$img0=BV2771_402&$img1=BV2771_011
Nike ,₹2295,6,https://images.nike.com/is/image/DotCom/pwp_sheet2?$NIKE_PWPx3$&$img0=AJ7785_557&$img1=AJ7785_010
Men's Hybrid Running Shorts ,₹2295,6,https://images.nike.com/is/image/DotCom/pwp_sheet2?$NIKE_PWPx3$&$img0=BV3117_010&$img1=BV3117_021
Nike Flex ,₹1995,6,https://images.nike.com/is/image/DotCom/pwp_sheet2?$NIKE_PWPx3$&$img0=BQ8392_334
Men's Yoga Training Shorts ,₹1795,6,https://images.nike.com/is/image/DotCom/pwp_sheet2?$NIKE_PWPx3$&$img0=BV4855_070
Nike Dri-FIT Flex Stride ,₹2295,6,https://images.nike.com/is/image/DotCom/pwp_sheet2?$NIKE_PWPx3$&$img0=AJ7740_492&$img1=AJ7740_010
"Men's 7""/18cm 2-in-1 Running Shorts ",₹1295,6,https://images.nike.com/is/image/DotCom/pwp_sheet2?$NIKE_PWPx3$&$img0=BQ1933_480&$img1=BQ1933_010
Nike Sportswear ,₹2295,6,https://images.nike.com/is/image/DotCom/pwp_sheet2?$NIKE_PWPx3$&$img0=927527_478&$img1=927527_036&$img2=927527_010
Men's Shorts ,₹2995,6,https://images.nike.com/is/image/DotCom/pwp_sheet2?$NIKE_PWPx3$&$img0=AT3151_100&$img1=AT3151_010
Jordan HBR ,₹2295,6,https://images.nike.com/is/image/DotCom/pwp_sheet2?$NIKE_PWPx3$&$img0=AJ9995_014&$img1=AJ9995_451&$img2=AJ9995_492
Men's Basketball Shorts ,₹3995,6,https://images.nike.com/is/image/DotCom/pwp_sheet2?$NIKE_PWPx3$&$img0=AR2383_336
Nike Challenger ,₹5995,6,https://images.nike.com/is/image/DotCom/pwp_sheet2?$NIKE_PWPx3$&$img0=BQ7285_388
Men's 18cm (approx.) Printed Running Shorts ,₹4995,6,https://images.nike.com/is/image/DotCom/pwp_sheet2?$NIKE_PWPx3$&$img0=910706_013&$img1=910706_366&$img2=910706_590
Nike Challenger ,₹1895,6,https://images.nike.com/is/image/DotCom/pwp_sheet2?$NIKE_PWPx3$&$img0=AJ3907_060&$img1=AJ3907_100
Men's 2-in-1 Running Shorts ,₹4495,6,https://images.nike.com/is/image/DotCom/pwp_sheet2?$NIKE_PWPx3$&$img0=BQ7286_458&$img1=BQ7286_340
Nike Dri-FIT ,₹1695,6,https://images.nike.com/is/image/DotCom/pwp_sheet2?$NIKE_PWPx3$&$img0=AO2842_433&$img1=AO2842_077&$img2=AO2842_389
Men's Training Shorts ,₹2795,6,https://images.nike.com/is/image/DotCom/pwp_sheet2?$NIKE_PWPx3$&$img0=AR1641_133
Nike Dri-FIT Flex ,₹2795,6,https://images.nike.com/is/image/DotCom/pwp_sheet2?$NIKE_PWPx3$&$img0=AQ6977_451&$img1=AQ6977_891&$img2=AQ6977_438
Men's Woven Training Shorts ,₹2795,6,https://images.nike.com/is/image/DotCom/pwp_sheet2?$NIKE_PWPx3$&$img0=AR1322_366&$img1=AR1322_012&$img2=AR1322_010
Nike Dri-FIT DNA ,₹3695,6,https://images.nike.com/is/image/DotCom/pwp_sheet2?$NIKE_PWPx3$&$img0=AT5694_032&$img1=AT5694_410
Men's Basketball Shorts ,₹2995,6,https://images.nike.com/is/image/DotCom/pwp_sheet2?$NIKE_PWPx3$&$img0=AO2836_433&$img1=AO2836_814
Nike Dri-FIT Academy ,₹2795,6,https://images.nike.com/is/image/DotCom/pwp_sheet2?$NIKE_PWPx3$&$img0=AJ1112_301&$img1=AJ1112_448
Men's Football Shorts ,₹3695,6,https://images.nike.com/is/image/DotCom/pwp_sheet2?$NIKE_PWPx3$&$img0=AJ1116_687&$img1=AJ1116_011&$img2=AJ1116_433
Nike Dri-FIT Elite ,₹3295,6,https://images.nike.com/is/image/DotCom/pwp_sheet2?$NIKE_PWPx3$&$img0=AJ7688_010&$img1=AJ7688_438
Men's Basketball Shorts ,₹3495,6,https://images.nike.com/is/image/DotCom/pwp_sheet2?$NIKE_PWPx3$&$img0=804420_063&$img1=804420_451
Nike Dri-FIT KD ,₹3295,6,https://images.nike.com/is/image/DotCom/pwp_sheet2?$NIKE_PWPx3$&$img0=AQ6843_010
Men's Basketball Shorts ,₹2295,6,https://images.nike.com/is/image/DotCom/pwp_sheet2?$NIKE_PWPx3$&$img0=BQ9410_010
Nike Sportswear ,₹1695,6,https://images.nike.com/is/image/DotCom/pwp_sheet2?$NIKE_PWPx3$&$img0=BQ9426_082&$img1=BQ9426_010
Men's Woven Shorts ,₹1595,6,https://images.nike.com/is/image/DotCom/pwp_sheet2?$NIKE_PWPx3$&$img0=AJ7783_010
NikeCourt Flex Ace ,₹3495,6,https://images.nike.com/is/image/DotCom/pwp_sheet2?$NIKE_PWPx3$&$img0=CI0260_065&$img1=CI0260_010
Men's Tennis Shorts ,₹4995,6,https://images.nike.com/is/image/DotCom/pwp_sheet2?$NIKE_PWPx3$&$img0=AJ7780_010&$img1=AJ7780_056&$img2=AJ7780_492
Nike x Fear of God ,₹2995,6,https://images.nike.com/is/image/DotCom/pwp_sheet2?$NIKE_PWPx3$&$img0=BQ3777_011&$img1=BQ3777_492
Shorts ,₹2795,6,https://images.nike.com/is/image/DotCom/pwp_sheet2?$NIKE_PWPx3$&$img0=AR5615_010
Nike ACG ,₹3695,6,https://images.nike.com/is/image/DotCom/pwp_sheet2?$NIKE_PWPx3$&$img0=AR2376_010&$img1=AR2376_064
Men's Cargo Shorts ,₹3695,6,https://images.nike.com/is/image/DotCom/pwp_sheet2?$NIKE_PWPx3$&$img0=AJ9926_013&$img1=AJ9926_451
Nike ,₹3995,6,https://images.nike.com/is/image/DotCom/pwp_sheet2?$NIKE_PWPx3$&$img0=AJ8231_065
"Men's 9""/23cm Basketball Shorts ",₹2295,6,https://images.nike.com/is/image/DotCom/pwp_sheet2?$NIKE_PWPx3$&$img0=AJ7778_492&$img1=AJ7778_010
Nike Sportswear Tech Pack ,₹2295,6,https://images.nike.com/is/image/DotCom/pwp_sheet2?$NIKE_PWPx3$&$img0=939266_011&$img1=939266_101
Men's Woven Shorts ,₹3295,6,https://images.nike.com/is/image/DotCom/pwp_sheet2?$NIKE_PWPx3$&$img0=AJ7742_010
Nike Dri-FIT Courtlines ,₹2895,6,https://images.nike.com/is/image/DotCom/pwp_sheet2?$NIKE_PWPx3$&$img0=AO1209_060&$img1=AO1209_010
Men's Printed Basketball Shorts ,₹2995,6,https://images.nike.com/is/image/DotCom/pwp_sheet2?$NIKE_PWPx3$&$img0=865862_010
Nike ACG ,₹2495,6,https://images.nike.com/is/image/DotCom/pwp_sheet2?$NIKE_PWPx3$&$img0=AJ5587_312
Men's Shorts ,₹1695,6,https://images.nike.com/is/image/DotCom/pwp_sheet2?$NIKE_PWPx3$&$img0=AJ5593_657
Jordan Jumpman Cement Poolside ,₹2795,6,https://images.nike.com/is/image/DotCom/pwp_sheet2?$NIKE_PWPx3$&$img0=AJ5596_677
Men's 18cm approx. Shorts ,₹2795,6,https://images.nike.com/is/image/DotCom/pwp_sheet2?$NIKE_PWPx3$&$img0=AJ5605_495
Jordan Legacy AJ4 ,₹2995,6,https://images.nike.com/is/image/DotCom/pwp_sheet2?$NIKE_PWPx3$&$img0=AJ5616_100
Men's Fleece Shorts ,₹3095,6,https://images.nike.com/is/image/DotCom/pwp_sheet2?$NIKE_PWPx3$&$img0=924562_687
Nike Sportswear ,₹11995,6,https://images.nike.com/is/image/DotCom/pwp_sheet2?$NIKE_PWPx3$&$img0=829602_060
Printed Shorts ,₹3995,6,https://images.nike.com/is/image/DotCom/pwp_sheet2?$NIKE_PWPx3$&$img0=924554_010
Nike Flex Stride ,₹3095,6,https://images.nike.com/is/image/DotCom/pwp_sheet2?$NIKE_PWPx3$&$img0=AA4213_011
Men's 18cm (approx.) Running Shorts ,₹3495,6,https://images.nike.com/is/image/DotCom/pwp_sheet2?$NIKE_PWPx3$&$img0=928514_011&$img1=928514_063
