Nike Sportswear Hayward Futura 2.0 ,$55,1,https://images.nike.com/is/image/DotCom/pwp_sheet2?$NIKE_PWPx3$&$img0=BA5217_021&$img1=BA5217_605&$img2=BA5217_492
Backpack ,$25,1,https://images.nike.com/is/image/DotCom/pwp_sheet2?$NIKE_PWPx3$&$img0=BA5750_010&$img1=BA5750_520&$img2=BA5750_015
Nike Sportswear Heritage ,$90,1,https://images.nike.com/is/image/DotCom/pwp_sheet2?$NIKE_PWPx3$&$img0=BA5971_011&$img1=BA5971_069
Fanny Pack ,$35,1,https://images.nike.com/is/image/DotCom/pwp_sheet2?$NIKE_PWPx3$&$img0=CK2390_728
Nike Sportswear RPM ,$25,1,https://images.nike.com/is/image/DotCom/pwp_sheet2?$NIKE_PWPx3$&$img0=CJ9056_010
Backpack ,$40,1,https://images.nike.com/is/image/DotCom/pwp_sheet2?$NIKE_PWPx3$&$img0=BA5751_307&$img1=BA5751_605&$img2=BA5751_030
Nike Heritage ,$35,1,https://images.nike.com/is/image/DotCom/pwp_sheet2?$NIKE_PWPx3$&$img0=BA5761_110&$img1=BA5761_634&$img2=BA5761_056
Backpack ,$70,1,https://images.nike.com/is/image/DotCom/pwp_sheet2?$NIKE_PWPx3$&$img0=BA5989_346&$img1=BA5989_010
Nike Heritage BETRUE ,$85,1,https://images.nike.com/is/image/DotCom/pwp_sheet2?$NIKE_PWPx3$&$img0=BA5538_072
Crossbody Bag ,$45,1,https://images.nike.com/is/image/DotCom/pwp_sheet2?$NIKE_PWPx3$&$img0=BA5329_657&$img1=BA5329_480
Nike Tech ,$50,1,https://images.nike.com/is/image/DotCom/pwp_sheet2?$NIKE_PWPx3$&$img0=BA5892_065&$img1=BA5892_658&$img2=BA5892_064
Hip Pack ,$50,1,https://images.nike.com/is/image/DotCom/pwp_sheet2?$NIKE_PWPx3$&$img0=BA5893_100&$img1=BA5893_021&$img2=BA5893_209
Nike Sportswear Heritage Printed ,$45,1,https://images.nike.com/is/image/DotCom/pwp_sheet2?$NIKE_PWPx3$&$img0=BA6353_071&$img1=BA6353_010
Backpack ,$40,1,https://images.nike.com/is/image/DotCom/pwp_sheet2?$NIKE_PWPx3$&$img0=BA5981_021
Nike Vapor Power ,$35,1,https://images.nike.com/is/image/DotCom/pwp_sheet2?$NIKE_PWPx3$&$img0=BA5980_100&$img1=BA5980_021
Men's Printed Training Backpack ,$40,1,https://images.nike.com/is/image/DotCom/pwp_sheet2?$NIKE_PWPx3$&$img0=BA5977_065&$img1=BA5977_010&$img2=BA5977_658
Nike Vapor Energy 2.0 ,$85,1,https://images.nike.com/is/image/DotCom/pwp_sheet2?$NIKE_PWPx3$&$img0=BA4989_011&$img1=BA4989_334&$img2=BA4989_304
Training Backpack ,$85,1,https://images.nike.com/is/image/DotCom/pwp_sheet2?$NIKE_PWPx3$&$img0=BA5831_663
Nike Brasilia ,$25,1,https://images.nike.com/is/image/DotCom/pwp_sheet2?$NIKE_PWPx3$&$img0=BA5802_061
Training Backpack (Medium) ,$25,1,https://images.nike.com/is/image/DotCom/pwp_sheet2?$NIKE_PWPx3$&$img0=BA5268_011&$img1=BA5268_010
Nike Brasilia ,$25,1,https://images.nike.com/is/image/DotCom/pwp_sheet2?$NIKE_PWPx3$&$img0=CK2389_010
Training Backpack (Extra Large) ,$19.97,1,https://images.nike.com/is/image/DotCom/pwp_sheet2?$NIKE_PWPx3$&$img0=BA6355_336
Nike Brasilia ,$85,1,https://images.nike.com/is/image/DotCom/pwp_sheet2?$NIKE_PWPx3$&$img0=BA5800_060&$img1=BA5800_061
Training Backpack (Extra Large) ,$65,1,https://images.nike.com/is/image/DotCom/pwp_sheet2?$NIKE_PWPx3$&$img0=BA5801_061
Nike Brasilia ,$19.97,1,https://images.nike.com/is/image/DotCom/pwp_sheet2?$NIKE_PWPx3$&$img0=9A0197_A96&$img1=9A0197_023&$img2=9A0197_001
Training Backpack (Medium) ,$90,1,https://images.nike.com/is/image/DotCom/pwp_sheet2?$NIKE_PWPx3$&$img0=BA6118_220
Nike Brasilia ,$40,1,https://images.nike.com/is/image/DotCom/pwp_sheet2?$NIKE_PWPx3$&$img0=BA6112_220
Printed Training Duffel Bag (Medium) ,$55,1,https://images.nike.com/is/image/DotCom/pwp_sheet2?$NIKE_PWPx3$&$img0=BA5305_010&$img1=BA5305_210&$img2=BA5305_121
Nike Brasilia ,$90,1,https://images.nike.com/is/image/DotCom/pwp_sheet2?$NIKE_PWPx3$&$img0=BA5403_223&$img1=BA5403_418&$img2=BA5403_475
Training Duffel Bag (Small) ,$60,1,https://images.nike.com/is/image/DotCom/pwp_sheet2?$NIKE_PWPx3$&$img0=BA5540_072&$img1=BA5540_011&$img2=BA5540_410
Nike Brasilia ,$25,1,https://images.nike.com/is/image/DotCom/pwp_sheet2?$NIKE_PWPx3$&$img0=BA5727_452&$img1=BA5727_059
Training Duffel Bag (Medium) ,$24.97,1,https://images.nike.com/is/image/DotCom/pwp_sheet2?$NIKE_PWPx3$&$img0=BA5809_420&$img1=BA5809_011
Nike Sportswear AF1 ,$90,1,https://images.nike.com/is/image/DotCom/pwp_sheet2?$NIKE_PWPx3$&$img0=9A0235_KR6
Tote Bag ,$25,1,https://images.nike.com/is/image/DotCom/pwp_sheet2?$NIKE_PWPx3$&$img0=BA5731_010
Nike AF1 ,$30,1,https://images.nike.com/is/image/DotCom/pwp_sheet2?$NIKE_PWPx3$&$img0=BA5807_018&$img1=BA5807_020
Tote Bag ,$70,1,https://images.nike.com/is/image/DotCom/pwp_sheet2?$NIKE_PWPx3$&$img0=9A0201_001&$img1=9A0201_E85&$img2=9A0201_023
Nike Sport ,$25,1,https://images.nike.com/is/image/DotCom/pwp_sheet2?$NIKE_PWPx3$&$img0=BA6380_395
Printed Golf Gym Sack ,$240,1,https://images.nike.com/is/image/DotCom/pwp_sheet2?$NIKE_PWPx3$&$img0=BA6077_010
Nike Core Small Items 3.0 ,$130,1,https://images.nike.com/is/image/DotCom/pwp_sheet2?$NIKE_PWPx3$&$img0=HU0018_010
Bag ,$50,1,https://images.nike.com/is/image/DotCom/pwp_sheet2?$NIKE_PWPx3$&$img0=HU0016_010
Nike Heritage ,$40,1,https://images.nike.com/is/image/DotCom/pwp_sheet2?$NIKE_PWPx3$&$img0=9A0089_X34
Hip Pack ,$50,1,https://images.nike.com/is/image/DotCom/pwp_sheet2?$NIKE_PWPx3$&$img0=BA5919_010
Nike Sportswear Heritage ,$85,1,https://images.nike.com/is/image/DotCom/pwp_sheet2?$NIKE_PWPx3$&$img0=HU0012_010
Hip Pack ,$75,1,https://images.nike.com/is/image/DotCom/pwp_sheet2?$NIKE_PWPx3$&$img0=9A0164_001&$img1=9A0164_023
Nike Sport ,$35,1,https://images.nike.com/is/image/DotCom/pwp_sheet2?$NIKE_PWPx3$&$img0=9A0194_023
Printed Golf Backpack ,$50,1,https://images.nike.com/is/image/DotCom/pwp_sheet2?$NIKE_PWPx3$&$img0=BA5749_082
Nike Sport ,$25,1,https://images.nike.com/is/image/DotCom/pwp_sheet2?$NIKE_PWPx3$&$img0=HU0097_010&$img1=HU0097_408&$img2=HU0097_677
Printed Golf Duffel Bag ,$35,1,https://images.nike.com/is/image/DotCom/pwp_sheet2?$NIKE_PWPx3$&$img0=BA5880_010&$img1=BA5880_030&$img2=BA5880_011
Jordan Jumpman Air ,$60,1,https://images.nike.com/is/image/DotCom/pwp_sheet2?$NIKE_PWPx3$&$img0=BA5807_023
Festival Bag ,$55,1,https://images.nike.com/is/image/DotCom/pwp_sheet2?$NIKE_PWPx3$&$img0=HU0088_386
Nike SB RPM ,$25,1,https://images.nike.com/is/image/DotCom/pwp_sheet2?$NIKE_PWPx3$&$img0=HU0086_386
Men's Camo Skate Backpack ,$80,1,https://images.nike.com/is/image/DotCom/pwp_sheet2?$NIKE_PWPx3$&$img0=BA5883_030&$img1=BA5883_657
Nike SB Icon ,$80,1,https://images.nike.com/is/image/DotCom/pwp_sheet2?$NIKE_PWPx3$&$img0=BA6607_222
Men's Camo Skate Backpack ,$90,1,https://images.nike.com/is/image/DotCom/pwp_sheet2?$NIKE_PWPx3$&$img0=N2650_082
Nike SB Courthouse ,$70,1,https://images.nike.com/is/image/DotCom/pwp_sheet2?$NIKE_PWPx3$&$img0=BA5554_101&$img1=BA5554_011&$img2=BA5554_022
Backpack ,$80,1,https://images.nike.com/is/image/DotCom/pwp_sheet2?$NIKE_PWPx3$&$img0=BA5553_010
Nike SB RPM ,$24,1,https://images.nike.com/is/image/DotCom/pwp_sheet2?$NIKE_PWPx3$&$img0=BA5563_010
Skateboarding Backpack ,$70,1,https://images.nike.com/is/image/DotCom/pwp_sheet2?$NIKE_PWPx3$&$img0=BA5788_010
Nike Vapor Speed 2.0 ,$125,1,https://images.nike.com/is/image/DotCom/pwp_sheet2?$NIKE_PWPx3$&$img0=BA5555_328&$img1=BA5555_011&$img2=BA5555_010
Training Backpack ,$50,1,https://images.nike.com/is/image/DotCom/pwp_sheet2?$NIKE_PWPx3$&$img0=BA5552_021&$img1=BA5552_011
U.S. Pitch ,$20,2,https://images.nike.com/is/image/DotCom/pwp_sheet2?$NIKE_PWPx3$&$img0=SC3923_688
Soccer Ball ,$30,2,https://images.nike.com/is/image/DotCom/pwp_sheet2?$NIKE_PWPx3$&$img0=SC3898_100
Nike Mercurial Prestige ,$65,2,https://images.nike.com/is/image/DotCom/pwp_sheet2?$NIKE_PWPx3$&$img0=SC3911_490
Soccer Ball ,$25,2,https://images.nike.com/is/image/DotCom/pwp_sheet2?$NIKE_PWPx3$&$img0=NKI01_855
Nike Hyper Elite 8P ,$12,2,https://images.nike.com/is/image/DotCom/pwp_sheet2?$NIKE_PWPx3$&$img0=NKI08_879
Basketball ,$25,2,https://images.nike.com/is/image/DotCom/pwp_sheet2?$NIKE_PWPx3$&$img0=N2767_923
Nike Versa Tack 8P ,$25,2,https://images.nike.com/is/image/DotCom/pwp_sheet2?$NIKE_PWPx3$&$img0=N2769_923
Basketball ,$25,2,https://images.nike.com/is/image/DotCom/pwp_sheet2?$NIKE_PWPx3$&$img0=N2766_923
Nike Skills ,$25,2,https://images.nike.com/is/image/DotCom/pwp_sheet2?$NIKE_PWPx3$&$img0=N2770_923
Basketball ,$15,2,https://images.nike.com/is/image/DotCom/pwp_sheet2?$NIKE_PWPx3$&$img0=J0001884_611&$img1=J0001884_495
Nike Dominate 8P (Portland) ,$25,2,https://images.nike.com/is/image/DotCom/pwp_sheet2?$NIKE_PWPx3$&$img0=N1164_055
Basketball ,$15,2,https://images.nike.com/is/image/DotCom/pwp_sheet2?$NIKE_PWPx3$&$img0=N0002773_017
Nike Dominate 8P (Los Angeles) ,$15,2,https://images.nike.com/is/image/DotCom/pwp_sheet2?$NIKE_PWPx3$&$img0=N0002774_017
Basketball ,$15,2,https://images.nike.com/is/image/DotCom/pwp_sheet2?$NIKE_PWPx3$&$img0=N0002776_017
Nike Dominate 8P (Chicago) ,$90,2,https://images.nike.com/is/image/DotCom/pwp_sheet2?$NIKE_PWPx3$&$img0=N102409_226
Basketball ,$160,2,https://images.nike.com/is/image/DotCom/pwp_sheet2?$NIKE_PWPx3$&$img0=SC3303_100
Nike Dominate 8P (New York City) ,$30,2,https://images.nike.com/is/image/DotCom/pwp_sheet2?$NIKE_PWPx3$&$img0=SC3310_103
Basketball ,$30,2,https://images.nike.com/is/image/DotCom/pwp_sheet2?$NIKE_PWPx3$&$img0=SC3908_100
Jordan Skill ,$30,2,https://images.nike.com/is/image/DotCom/pwp_sheet2?$NIKE_PWPx3$&$img0=SC3928_100
Basketball (Size 3) ,$18,2,https://images.nike.com/is/image/DotCom/pwp_sheet2?$NIKE_PWPx3$&$img0=SC3913_486
Nike Versa Tack 8P ,$41.97,2,https://images.nike.com/is/image/DotCom/pwp_sheet2?$NIKE_PWPx3$&$img0=N3246_923
Basketball ,$21.97,2,https://images.nike.com/is/image/DotCom/pwp_sheet2?$NIKE_PWPx3$&$img0=JKI01_858
Nike Stretch Woven ,$55,3,https://images.nike.com/is/image/DotCom/pwp_sheet2?$NIKE_PWPx3$&$img0=112280_100&$img1=112280_426&$img2=112280_010
Men's Golf Belt ,$55,3,https://images.nike.com/is/image/DotCom/pwp_sheet2?$NIKE_PWPx3$&$img0=111880_053&$img1=111880_020&$img2=111880_156
Nike Perforated Reversible ,$75,3,https://images.nike.com/is/image/DotCom/pwp_sheet2?$NIKE_PWPx3$&$img0=120780_004&$img1=120780_001
Men's Golf Belt ,$55,3,https://images.nike.com/is/image/DotCom/pwp_sheet2?$NIKE_PWPx3$&$img0=112120_053&$img1=112120_020&$img2=112120_055
TW Perforated Mesh II ,$25,3,https://images.nike.com/is/image/DotCom/pwp_sheet2?$NIKE_PWPx3$&$img0=112630_001&$img1=112630_051&$img2=112630_100
Golf Belt ,$20,3,https://images.nike.com/is/image/DotCom/pwp_sheet2?$NIKE_PWPx3$&$img0=112490_411&$img1=112490_205&$img2=112490_610
Nike Core ,$50,3,https://images.nike.com/is/image/DotCom/pwp_sheet2?$NIKE_PWPx3$&$img0=112640_006&$img1=112640_101
Men's Reversible Golf Belt ,$60,3,https://images.nike.com/is/image/DotCom/pwp_sheet2?$NIKE_PWPx3$&$img0=112520_051
Nike ,$25,3,https://images.nike.com/is/image/DotCom/pwp_sheet2?$NIKE_PWPx3$&$img0=112550_610&$img1=112550_051&$img2=112550_001
Men's Reversible Golf Belt ,$25,3,https://images.nike.com/is/image/DotCom/pwp_sheet2?$NIKE_PWPx3$&$img0=112499_036&$img1=112499_028
Nike Essential Web ,$13,3,https://images.nike.com/is/image/DotCom/pwp_sheet2?$NIKE_PWPx3$&$img0=NBL07_432&$img1=NBL07_101
Men's Reversible Golf Belt ,$13,3,https://images.nike.com/is/image/DotCom/pwp_sheet2?$NIKE_PWPx3$&$img0=NBL07_688&$img1=NBL07_413&$img2=NBL07_010
Nike Web ,$51.97,3,https://images.nike.com/is/image/DotCom/pwp_sheet2?$NIKE_PWPx3$&$img0=112510_326
Nike Vapor Knit 2.0 ,$60,4,https://images.nike.com/is/image/DotCom/pwp_sheet2?$NIKE_PWPx3$&$img0=NFG01_918&$img1=NFG01_909
Football Gloves ,$45,4,https://images.nike.com/is/image/DotCom/pwp_sheet2?$NIKE_PWPx3$&$img0=NFG17_979&$img1=NFG17_146&$img2=NFG17_164
Nike Vapor Jet 5.0 ,$60,4,https://images.nike.com/is/image/DotCom/pwp_sheet2?$NIKE_PWPx3$&$img0=N0944_907&$img1=N0944_963
Men's Football Gloves ,$55,4,https://images.nike.com/is/image/DotCom/pwp_sheet2?$NIKE_PWPx3$&$img0=N2725_913&$img1=N2725_964
Nike Vapor Knit 3.0 ,$60,4,https://images.nike.com/is/image/DotCom/pwp_sheet2?$NIKE_PWPx3$&$img0=N2525_927
Football Gloves ,$16,4,https://images.nike.com/is/image/DotCom/pwp_sheet2?$NIKE_PWPx3$&$img0=N1464_284
Nike Superbad 5.0 ,$16,4,https://images.nike.com/is/image/DotCom/pwp_sheet2?$NIKE_PWPx3$&$img0=N1385_284
Football Gloves ,$28,4,https://images.nike.com/is/image/DotCom/pwp_sheet2?$NIKE_PWPx3$&$img0=N0002527_019
Nike Vapor Knit 3.0 ,$150,4,https://images.nike.com/is/image/DotCom/pwp_sheet2?$NIKE_PWPx3$&$img0=VE8F_010
Football Gloves ,$60,4,https://images.nike.com/is/image/DotCom/pwp_sheet2?$NIKE_PWPx3$&$img0=NBG05_136&$img1=NBG05_917&$img2=NBG05_408
Nike Tech Extreme VI ,$100,4,https://images.nike.com/is/image/DotCom/pwp_sheet2?$NIKE_PWPx3$&$img0=VP8F_090&$img1=VP8F_100
Golf Glove (Left Cadet) ,$65,4,https://images.nike.com/is/image/DotCom/pwp_sheet2?$NIKE_PWPx3$&$img0=N0984_962
Nike Tech Extreme VI ,$25,4,https://images.nike.com/is/image/DotCom/pwp_sheet2?$NIKE_PWPx3$&$img0=N0189_158
Golf Glove (Right Regular) ,$25,4,https://images.nike.com/is/image/DotCom/pwp_sheet2?$NIKE_PWPx3$&$img0=NBG01_013
Nike ,$35,4,https://images.nike.com/is/image/DotCom/pwp_sheet2?$NIKE_PWPx3$&$img0=N1005_962
Golf Gloves ,$30,4,https://images.nike.com/is/image/DotCom/pwp_sheet2?$NIKE_PWPx3$&$img0=GS3372_490
Nike Vapor Elite ,$125,4,https://images.nike.com/is/image/DotCom/pwp_sheet2?$NIKE_PWPx3$&$img0=GS3375_100
Men's Lacrosse Gloves ,$80,4,https://images.nike.com/is/image/DotCom/pwp_sheet2?$NIKE_PWPx3$&$img0=GS3376_100
Nike Huarache Elite ,$130,4,https://images.nike.com/is/image/DotCom/pwp_sheet2?$NIKE_PWPx3$&$img0=GS3884_486
Baseball Batting Gloves ,$70,4,https://images.nike.com/is/image/DotCom/pwp_sheet2?$NIKE_PWPx3$&$img0=GS3381_010&$img1=GS3381_486
Nike Vapor Field ,$30,4,https://images.nike.com/is/image/DotCom/pwp_sheet2?$NIKE_PWPx3$&$img0=GS3882_010
Nike Heritage86 BETRUE ,$28,5,https://images.nike.com/is/image/DotCom/pwp_sheet2?$NIKE_PWPx3$&$img0=BV3363_100
Cap ,$32,5,https://images.nike.com/is/image/DotCom/pwp_sheet2?$NIKE_PWPx3$&$img0=BV5323_389&$img1=BV5323_639
Nike Sportswear Mesh ,$18.97,5,https://images.nike.com/is/image/DotCom/pwp_sheet2?$NIKE_PWPx3$&$img0=BV3376_100&$img1=BV3376_490&$img2=BV3376_657
Bucket Hat ,$25,5,https://images.nike.com/is/image/DotCom/pwp_sheet2?$NIKE_PWPx3$&$img0=942212_892&$img1=942212_371&$img2=942212_370
Jordan Pool ,$25,5,https://images.nike.com/is/image/DotCom/pwp_sheet2?$NIKE_PWPx3$&$img0=CK1390_100
Adjustable Visor ,$45,5,https://images.nike.com/is/image/DotCom/pwp_sheet2?$NIKE_PWPx3$&$img0=892482_100&$img1=892482_687&$img2=892482_431
Nike Sportswear Heritage86 JDI ,$35,5,https://images.nike.com/is/image/DotCom/pwp_sheet2?$NIKE_PWPx3$&$img0=832687_010
Adjustable Hat ,$40,5,https://images.nike.com/is/image/DotCom/pwp_sheet2?$NIKE_PWPx3$&$img0=892469_438&$img1=892469_100&$img2=892469_406
Nike Sportswear Futura Heritage 86 ,$35,5,https://images.nike.com/is/image/DotCom/pwp_sheet2?$NIKE_PWPx3$&$img0=BQ1314_439&$img1=BQ1314_634&$img2=BQ1314_010
Adjustable Hat ,$35,5,https://images.nike.com/is/image/DotCom/pwp_sheet2?$NIKE_PWPx3$&$img0=AR1998_702
Nike AW84 ,$26,5,https://images.nike.com/is/image/DotCom/pwp_sheet2?$NIKE_PWPx3$&$img0=BV2204_056&$img1=BV2204_438&$img2=BV2204_326
Adjustable Hat ,$28,5,https://images.nike.com/is/image/DotCom/pwp_sheet2?$NIKE_PWPx3$&$img0=CJ6767_100
TW AeroBill Classic 99 ,$28,5,https://images.nike.com/is/image/DotCom/pwp_sheet2?$NIKE_PWPx3$&$img0=BV2196_686&$img1=BV2196_059
Fitted Golf Hat ,$28,5,https://images.nike.com/is/image/DotCom/pwp_sheet2?$NIKE_PWPx3$&$img0=BV2071_100
Nike Sun Protect ,$26,5,https://images.nike.com/is/image/DotCom/pwp_sheet2?$NIKE_PWPx3$&$img0=BV2659_100&$img1=BV2659_362&$img2=BV2659_010
Golf Hat ,$30,5,https://images.nike.com/is/image/DotCom/pwp_sheet2?$NIKE_PWPx3$&$img0=AV7884_022&$img1=AV7884_010
Nike AeroBill Classic 99 ,$25,5,https://images.nike.com/is/image/DotCom/pwp_sheet2?$NIKE_PWPx3$&$img0=CK1392_010
Fitted Golf Hat ,$50,5,https://images.nike.com/is/image/DotCom/pwp_sheet2?$NIKE_PWPx3$&$img0=CI1419_100&$img1=CI1419_010&$img2=CI1419_237
Nike AeroBill Classic99 ,$32,5,https://images.nike.com/is/image/DotCom/pwp_sheet2?$NIKE_PWPx3$&$img0=AV6953_100&$img1=AV6953_011&$img2=AV6953_480
Golf Hat ,$25,5,https://images.nike.com/is/image/DotCom/pwp_sheet2?$NIKE_PWPx3$&$img0=BV6070_438&$img1=BV6070_634&$img2=BV6070_406
Nike Featherlight ,$30,5,https://images.nike.com/is/image/DotCom/pwp_sheet2?$NIKE_PWPx3$&$img0=AV6956_657&$img1=AV6956_056&$img2=AV6956_480
Adjustable Running Hat ,$28,5,https://images.nike.com/is/image/DotCom/pwp_sheet2?$NIKE_PWPx3$&$img0=AJ5451_438&$img1=AJ5451_473&$img2=AJ5451_071
Nike AeroBill Tailwind ,$28,5,https://images.nike.com/is/image/DotCom/pwp_sheet2?$NIKE_PWPx3$&$img0=892651_309&$img1=892651_723&$img2=892651_021
Running Cap ,$20,5,https://images.nike.com/is/image/DotCom/pwp_sheet2?$NIKE_PWPx3$&$img0=BQ1312_309&$img1=BQ1312_133&$img2=BQ1312_623
Nike AeroBill Tailwind ,$35,5,https://images.nike.com/is/image/DotCom/pwp_sheet2?$NIKE_PWPx3$&$img0=BV2069_622&$img1=BV2069_010&$img2=BV2069_100
Running Cap ,$26,5,https://images.nike.com/is/image/DotCom/pwp_sheet2?$NIKE_PWPx3$&$img0=BV1046_634&$img1=BV1046_010&$img2=BV1046_474
Nike Featherlight ,$35,5,https://images.nike.com/is/image/DotCom/pwp_sheet2?$NIKE_PWPx3$&$img0=AV4775_701&$img1=AV4775_583&$img2=AV4775_121
Graphic Running Cap ,$30,5,https://images.nike.com/is/image/DotCom/pwp_sheet2?$NIKE_PWPx3$&$img0=BV1050_666
Nike AeroBill Legacy91 ,$40,5,https://images.nike.com/is/image/DotCom/pwp_sheet2?$NIKE_PWPx3$&$img0=BV1045_666&$img1=BV1045_010&$img2=BV1045_121
Training Hat ,$35,5,https://images.nike.com/is/image/DotCom/pwp_sheet2?$NIKE_PWPx3$&$img0=AJ5463_091&$img1=AJ5463_010&$img2=AJ5463_634
Nike SB AeroBill Pro 2.0 ,$28,5,https://images.nike.com/is/image/DotCom/pwp_sheet2?$NIKE_PWPx3$&$img0=915879_012&$img1=915879_634&$img2=915879_451
Skate Hat ,$20,5,https://images.nike.com/is/image/DotCom/pwp_sheet2?$NIKE_PWPx3$&$img0=AH9621_010&$img1=AH9621_204
Nike SB Heritage86 ,$25,5,https://images.nike.com/is/image/DotCom/pwp_sheet2?$NIKE_PWPx3$&$img0=CD0698_451
Hat ,$40,5,https://images.nike.com/is/image/DotCom/pwp_sheet2?$NIKE_PWPx3$&$img0=AH9627_452&$img1=AH9627_011
Nike ,$35,5,https://images.nike.com/is/image/DotCom/pwp_sheet2?$NIKE_PWPx3$&$img0=BV0105_010&$img1=BV0105_285
Bucket Hat ,$18,5,https://images.nike.com/is/image/DotCom/pwp_sheet2?$NIKE_PWPx3$&$img0=891284_451
Nike Sportswear AW84 RLT ,$30,5,https://images.nike.com/is/image/DotCom/pwp_sheet2?$NIKE_PWPx3$&$img0=AR2117_010&$img1=AR2117_100
Hat ,$25,5,https://images.nike.com/is/image/DotCom/pwp_sheet2?$NIKE_PWPx3$&$img0=BV1049_634&$img1=BV1049_041&$img2=BV1049_477
Nike AeroBill Legacy91 ,$40,5,https://images.nike.com/is/image/DotCom/pwp_sheet2?$NIKE_PWPx3$&$img0=AT8568_065&$img1=AT8568_331&$img2=AT8568_452
Training Hat ,$28,5,https://images.nike.com/is/image/DotCom/pwp_sheet2?$NIKE_PWPx3$&$img0=AV4727_451
Nike Heritage86 ,$30,5,https://images.nike.com/is/image/DotCom/pwp_sheet2?$NIKE_PWPx3$&$img0=892025_028&$img1=892025_027&$img2=892025_029
Golf Hat ,$30,5,https://images.nike.com/is/image/DotCom/pwp_sheet2?$NIKE_PWPx3$&$img0=AV8448_010
Nike AeroBill Classic 99 ,$28,5,https://images.nike.com/is/image/DotCom/pwp_sheet2?$NIKE_PWPx3$&$img0=AT7645_451
Hat ,$30,5,https://images.nike.com/is/image/DotCom/pwp_sheet2?$NIKE_PWPx3$&$img0=AV9765_010&$img1=AV9765_100
Nike AeroBill Classic99 ,$32,5,https://images.nike.com/is/image/DotCom/pwp_sheet2?$NIKE_PWPx3$&$img0=AH9624_011&$img1=AH9624_408&$img2=AH9624_013
Mesh Golf Hat ,$28,5,https://images.nike.com/is/image/DotCom/pwp_sheet2?$NIKE_PWPx3$&$img0=CD0798_900&$img1=CD0798_451
Nike Legacy 91 ,$30,5,https://images.nike.com/is/image/DotCom/pwp_sheet2?$NIKE_PWPx3$&$img0=AV4453_434
Adjustable Golf Hat ,$30,5,https://images.nike.com/is/image/DotCom/pwp_sheet2?$NIKE_PWPx3$&$img0=CK4935_100
Nike AeroBill ,$32,5,https://images.nike.com/is/image/DotCom/pwp_sheet2?$NIKE_PWPx3$&$img0=BV1017_010&$img1=BV1017_288
Golf Hat ,$28,5,https://images.nike.com/is/image/DotCom/pwp_sheet2?$NIKE_PWPx3$&$img0=BV3386_010
Nike AeroBill ,$25,5,https://images.nike.com/is/image/DotCom/pwp_sheet2?$NIKE_PWPx3$&$img0=CD0803_010
Graphic Training Visor ,$30,5,https://images.nike.com/is/image/DotCom/pwp_sheet2?$NIKE_PWPx3$&$img0=AV6698_013
Nike ACG ,$32,5,https://images.nike.com/is/image/DotCom/pwp_sheet2?$NIKE_PWPx3$&$img0=AV4718_010&$img1=AV4718_434
Tailwind Hat ,$28,5,https://images.nike.com/is/image/DotCom/pwp_sheet2?$NIKE_PWPx3$&$img0=AR7092_386
Nike ACG ,$25,5,https://images.nike.com/is/image/DotCom/pwp_sheet2?$NIKE_PWPx3$&$img0=943091_451&$img1=943091_072&$img2=943091_891
Beanie ,$22,5,https://images.nike.com/is/image/DotCom/pwp_sheet2?$NIKE_PWPx3$&$img0=BV2168_013&$img1=BV2168_010
Nike ACG ,$40,5,https://images.nike.com/is/image/DotCom/pwp_sheet2?$NIKE_PWPx3$&$img0=AV6720_010&$img1=AV6720_100&$img2=AV6720_657
Adjustable Hat ,$28,5,https://images.nike.com/is/image/DotCom/pwp_sheet2?$NIKE_PWPx3$&$img0=BV2173_010&$img1=BV2173_235&$img2=BV2173_451
Nike ACG Tailwind ,$35,5,https://images.nike.com/is/image/DotCom/pwp_sheet2?$NIKE_PWPx3$&$img0=BV2174_451&$img1=BV2174_010
Adjustable Hat ,$32,5,https://images.nike.com/is/image/DotCom/pwp_sheet2?$NIKE_PWPx3$&$img0=CI4121_010&$img1=CI4121_484
Apple Watch Nike+ Series 4 (GPS + Cellular) with Nike Sport Loop ,$529,6,https://images.nike.com/is/image/DotCom/pwp_sheet2?$NIKE_PWPx3$&$img0=MTXD2LLA_001&$img1=MTXA2LLA_002
44mm Sport Watch ,$499,6,https://images.nike.com/is/image/DotCom/pwp_sheet2?$NIKE_PWPx3$&$img0=MTXC2LLA_002&$img1=MTXE2LLA_001
Apple Watch Nike+ Series 4 (GPS + Cellular) with Nike Sport Band ,$49,6,https://images.nike.com/is/image/DotCom/pwp_sheet2?$NIKE_PWPx3$&$img0=MV892AMA_560&$img1=MV872AMA_301&$img2=MV7F2AMA_121
40mm Sport Watch ,$49,6,https://images.nike.com/is/image/DotCom/pwp_sheet2?$NIKE_PWPx3$&$img0=MV7Y2AMA_010&$img1=MV7W2AMA_300
40mm Hyper Grape ,$49,6,https://images.nike.com/is/image/DotCom/pwp_sheet2?$NIKE_PWPx3$&$img0=MV8C2AMA_301&$img1=MTML2AMA_200&$img2=MTMM2AMA_368
Nike Sport Loop ,$49,6,https://images.nike.com/is/image/DotCom/pwp_sheet2?$NIKE_PWPx3$&$img0=MV822AMA_300&$img1=MV862AMA_010&$img2=MTP42AMA_368
40mm Black/Hyper Grape ,$429,6,https://images.nike.com/is/image/DotCom/pwp_sheet2?$NIKE_PWPx3$&$img0=MU7J2LLA_001&$img1=MU7H2LLA_002
Nike Sport Band (S/M & M/L) ,$399,6,https://images.nike.com/is/image/DotCom/pwp_sheet2?$NIKE_PWPx3$&$img0=MU6J2LLA_001&$img1=MU6K2LLA_002
44mm Teal Tint ,$199.95,6,https://images.nike.com/is/image/DotCom/pwp_sheet2?$NIKE_PWPx3$&$img0=MN02LLAA_016
Nike Sport Loop ,$49,6,https://images.nike.com/is/image/DotCom/pwp_sheet2?$NIKE_PWPx3$&$img0=MQWQ2AMA_043
44mm Spruce Fog/Vintage Lichen ,$49,6,https://images.nike.com/is/image/DotCom/pwp_sheet2?$NIKE_PWPx3$&$img0=MTMW2AMA_010&$img1=MTMX2AMA_060
Nike Sport Band (S/M & M/L) ,$49,6,https://images.nike.com/is/image/DotCom/pwp_sheet2?$NIKE_PWPx3$&$img0=MTMN2AMA_010&$img1=MTMP2AMA_060&$img2=MTMQ2AMA_043
Nike 24oz TR HyperCharge Straw ,$17,7,https://images.nike.com/is/image/DotCom/pwp_sheet2?$NIKE_PWPx3$&$img0=N0034_993
Water Bottle ,$25,7,https://images.nike.com/is/image/DotCom/pwp_sheet2?$NIKE_PWPx3$&$img0=N0013_121&$img1=N0013_662
Nike 64oz Fuel ,$12,7,https://images.nike.com/is/image/DotCom/pwp_sheet2?$NIKE_PWPx3$&$img0=NOBA6024_753&$img1=NOBA6024_018
Jug ,$27.97,7,https://images.nike.com/is/image/DotCom/pwp_sheet2?$NIKE_PWPx3$&$img0=NOBI4_068
Nike 24oz HyperFuel ,$40,7,https://images.nike.com/is/image/DotCom/pwp_sheet2?$NIKE_PWPx3$&$img0=HU0027_010
Water Bottle ,$199.95,7,https://images.nike.com/is/image/DotCom/pwp_sheet2?$NIKE_PWPx3$&$img0=MN02LLAA_016
Nike 32oz SS HyperCharge Twist ,$185,7,https://images.nike.com/is/image/DotCom/pwp_sheet2?$NIKE_PWPx3$&$img0=NRLA1_018
Water Bottle ,$15,7,https://images.nike.com/is/image/DotCom/pwp_sheet2?$NIKE_PWPx3$&$img0=N2664_082
Hurley One And Only ,$25,7,https://images.nike.com/is/image/DotCom/pwp_sheet2?$NIKE_PWPx3$&$img0=NOBG3_068
Beach Towel ,$25,7,https://images.nike.com/is/image/DotCom/pwp_sheet2?$NIKE_PWPx3$&$img0=NOBI7_034
Powerbeats3 Wireless ,$10,7,https://images.nike.com/is/image/DotCom/pwp_sheet2?$NIKE_PWPx3$&$img0=NOBH2_063
Beats by Dre Earphones ,$36,7,https://images.nike.com/is/image/DotCom/pwp_sheet2?$NIKE_PWPx3$&$img0=S16903_001&$img1=S16903_411&$img2=S16903_306
Nike Trail Kiger ,$36,7,https://images.nike.com/is/image/DotCom/pwp_sheet2?$NIKE_PWPx3$&$img0=168740_302&$img1=168740_001
Running Vest ,$110,7,https://images.nike.com/is/image/DotCom/pwp_sheet2?$NIKE_PWPx3$&$img0=ODTVD_101&$img1=ODTVD_010
Nike 22oz ,$70,7,https://images.nike.com/is/image/DotCom/pwp_sheet2?$NIKE_PWPx3$&$img0=OATVD_010
Handheld Water Bottle ,$70,7,https://images.nike.com/is/image/DotCom/pwp_sheet2?$NIKE_PWPx3$&$img0=OATVD_101&$img1=OATVD_401&$img2=OATVD_461
Nike 24oz SS HyperCharge Twist ,$130,7,https://images.nike.com/is/image/DotCom/pwp_sheet2?$NIKE_PWPx3$&$img0=SPV7_010
Water Bottle ,$25,7,https://images.nike.com/is/image/DotCom/pwp_sheet2?$NIKE_PWPx3$&$img0=NBUK3_010
Nike 24oz SS HyperCharge Twist ,$30,7,https://images.nike.com/is/image/DotCom/pwp_sheet2?$NIKE_PWPx3$&$img0=NBUK2_010
Water Bottle (New York) ,$69.99,7,https://images.nike.com/is/image/DotCom/pwp_sheet2?$NIKE_PWPx3$&$img0=VAP2_010&$img1=VAP2_100
Nike HyperCharge Twist ,$90,7,https://images.nike.com/is/image/DotCom/pwp_sheet2?$NIKE_PWPx3$&$img0=LKT2_010&$img1=LKT2_100
Lid ,$100,7,https://images.nike.com/is/image/DotCom/pwp_sheet2?$NIKE_PWPx3$&$img0=CEO2U_100
Nike ,$70,7,https://images.nike.com/is/image/DotCom/pwp_sheet2?$NIKE_PWPx3$&$img0=OATVD_100
Golf Billfold Wallet ,$120,7,https://images.nike.com/is/image/DotCom/pwp_sheet2?$NIKE_PWPx3$&$img0=OATV4_010&$img1=OATV4_090
Nike ,$90,7,https://images.nike.com/is/image/DotCom/pwp_sheet2?$NIKE_PWPx3$&$img0=VPRE_010
Camo Golf Billfold Wallet ,$100,7,https://images.nike.com/is/image/DotCom/pwp_sheet2?$NIKE_PWPx3$&$img0=OATVPC_010&$img1=OATVPC_100
Nike Vandal Defense ,$30.97,7,https://images.nike.com/is/image/DotCom/pwp_sheet2?$NIKE_PWPx3$&$img0=OATV2_010&$img1=OATV2_066
Men's Lacrosse Handle ,$89.97,7,https://images.nike.com/is/image/DotCom/pwp_sheet2?$NIKE_PWPx3$&$img0=APV6_419&$img1=APV6_600&$img2=APV6_010
Nike Vandal Attack ,$59.97,7,https://images.nike.com/is/image/DotCom/pwp_sheet2?$NIKE_PWPx3$&$img0=OATAE_600&$img1=OATAE_101
Men's Lacrosse Handle ,$74.97,7,https://images.nike.com/is/image/DotCom/pwp_sheet2?$NIKE_PWPx3$&$img0=OATV3_301&$img1=OATV3_600&$img2=OATV3_010
Nike Vandal Attack ,$58.97,7,https://images.nike.com/is/image/DotCom/pwp_sheet2?$NIKE_PWPx3$&$img0=NBUK3_010
Nike Mercurial Lite ,$22,8,https://images.nike.com/is/image/DotCom/pwp_sheet2?$NIKE_PWPx3$&$img0=SP2120_103
Soccer Shin Guards ,$60,8,https://images.nike.com/is/image/DotCom/pwp_sheet2?$NIKE_PWPx3$&$img0=SP2121_486
Jordan Jumpman ,$10,9,https://images.nike.com/is/image/DotCom/pwp_sheet2?$NIKE_PWPx3$&$img0=JKN01_010&$img1=JKN01_101
Wristbands ,$30,9,https://images.nike.com/is/image/DotCom/pwp_sheet2?$NIKE_PWPx3$&$img0=NRN67_026
Nike Ventilated ,$45,9,https://images.nike.com/is/image/DotCom/pwp_sheet2?$NIKE_PWPx3$&$img0=N3208_001
Running Arm Band ,$50,9,https://images.nike.com/is/image/DotCom/pwp_sheet2?$NIKE_PWPx3$&$img0=N3853_950
Nike x ACG ,$30,9,https://images.nike.com/is/image/DotCom/pwp_sheet2?$NIKE_PWPx3$&$img0=NMS76_031
Running Sleeves ,$28,9,https://images.nike.com/is/image/DotCom/pwp_sheet2?$NIKE_PWPx3$&$img0=892304_010&$img1=892304_451&$img2=892304_100
Nike x ACG ,$50,9,https://images.nike.com/is/image/DotCom/pwp_sheet2?$NIKE_PWPx3$&$img0=NFS83_134
Running Sleeves ,$40,9,https://images.nike.com/is/image/DotCom/pwp_sheet2?$NIKE_PWPx3$&$img0=NFS86_008
Nike Advantage Knitted ,$7,9,https://images.nike.com/is/image/DotCom/pwp_sheet2?$NIKE_PWPx3$&$img0=N3404_008&$img1=N3404_134
Knee Sleeve ,$9,9,https://images.nike.com/is/image/DotCom/pwp_sheet2?$NIKE_PWPx3$&$img0=NNN04_416&$img1=NNN04_601&$img2=NNN04_010
Nike ,$135,9,https://images.nike.com/is/image/DotCom/pwp_sheet2?$NIKE_PWPx3$&$img0=NNN05_010&$img1=NNN05_101
Golf Sleeve ,$100,9,https://images.nike.com/is/image/DotCom/pwp_sheet2?$NIKE_PWPx3$&$img0=SLV8_100
Nike Pro Hyperstrong Padded ,$45,9,https://images.nike.com/is/image/DotCom/pwp_sheet2?$NIKE_PWPx3$&$img0=APV8_100
Football Forearm Shivers ,$45,9,https://images.nike.com/is/image/DotCom/pwp_sheet2?$NIKE_PWPx3$&$img0=N2748_008
Nike Pro Hyperstrong Padded ,$59.97,9,https://images.nike.com/is/image/DotCom/pwp_sheet2?$NIKE_PWPx3$&$img0=APV6_419&$img1=APV6_600&$img2=APV6_010
Nike Myriad Mirrored ,$99,10,https://images.nike.com/is/image/DotCom/pwp_sheet2?$NIKE_PWPx3$&$img0=EV1199_203
Sunglasses ,$79,10,https://images.nike.com/is/image/DotCom/pwp_sheet2?$NIKE_PWPx3$&$img0=EV1208_001
Nike Passage ,$99,10,https://images.nike.com/is/image/DotCom/pwp_sheet2?$NIKE_PWPx3$&$img0=EV1195_401
Sunglasses ,$79,10,https://images.nike.com/is/image/DotCom/pwp_sheet2?$NIKE_PWPx3$&$img0=EV1087_001
Nike Windfall ,$210,10,https://images.nike.com/is/image/DotCom/pwp_sheet2?$NIKE_PWPx3$&$img0=EV1195_001
Sunglasses ,$79,10,https://images.nike.com/is/image/DotCom/pwp_sheet2?$NIKE_PWPx3$&$img0=EV1153_001
Nike Circuit Mirrored ,$79,10,https://images.nike.com/is/image/DotCom/pwp_sheet2?$NIKE_PWPx3$&$img0=EV1124_010
Sunglasses ,$99,10,https://images.nike.com/is/image/DotCom/pwp_sheet2?$NIKE_PWPx3$&$img0=EV1114_001
Nike Outrider Polarized ,$135,10,https://images.nike.com/is/image/DotCom/pwp_sheet2?$NIKE_PWPx3$&$img0=EV1031_016
Golf Sunglasses ,$175,10,https://images.nike.com/is/image/DotCom/pwp_sheet2?$NIKE_PWPx3$&$img0=EV1117_010
Nike Circuit ,$99,10,https://images.nike.com/is/image/DotCom/pwp_sheet2?$NIKE_PWPx3$&$img0=EV1117_060
Sunglasses ,$105,10,https://images.nike.com/is/image/DotCom/pwp_sheet2?$NIKE_PWPx3$&$img0=EV1020_220
Nike Myriad ,$205,10,https://images.nike.com/is/image/DotCom/pwp_sheet2?$NIKE_PWPx3$&$img0=EV1042_001
Sunglasses ,$209,10,https://images.nike.com/is/image/DotCom/pwp_sheet2?$NIKE_PWPx3$&$img0=EV1028_070
Nike Essential Endeavor Polarized ,$195,10,https://images.nike.com/is/image/DotCom/pwp_sheet2?$NIKE_PWPx3$&$img0=EV0949_011
Sunglasses ,$169,10,https://images.nike.com/is/image/DotCom/pwp_sheet2?$NIKE_PWPx3$&$img0=PV0130_008
Nike Adrenaline Polarized ,$299,10,https://images.nike.com/is/image/DotCom/pwp_sheet2?$NIKE_PWPx3$&$img0=EV1115_001
Sunglasses ,$149,10,https://images.nike.com/is/image/DotCom/pwp_sheet2?$NIKE_PWPx3$&$img0=EV1136_070
Nike Terminus Mirrored ,$99,10,https://images.nike.com/is/image/DotCom/pwp_sheet2?$NIKE_PWPx3$&$img0=EV1135_013
Sunglasses ,$144,10,https://images.nike.com/is/image/DotCom/pwp_sheet2?$NIKE_PWPx3$&$img0=EV0915_001
Nike Essential Endeavor SE ,$149,10,https://images.nike.com/is/image/DotCom/pwp_sheet2?$NIKE_PWPx3$&$img0=EV1118_910
Sunglasses ,$79,10,https://images.nike.com/is/image/DotCom/pwp_sheet2?$NIKE_PWPx3$&$img0=EV0949_003
Nike Essential Endeavor SE ,$166,10,https://images.nike.com/is/image/DotCom/pwp_sheet2?$NIKE_PWPx3$&$img0=EV0939_001
Sunglasses ,$135,10,https://images.nike.com/is/image/DotCom/pwp_sheet2?$NIKE_PWPx3$&$img0=EV1135_001
Nike Essential Navigator Mirrored ,$144,10,https://images.nike.com/is/image/DotCom/pwp_sheet2?$NIKE_PWPx3$&$img0=EV1137_003
Sunglasses ,$119,10,https://images.nike.com/is/image/DotCom/pwp_sheet2?$NIKE_PWPx3$&$img0=EV1109_017
Nike Terminus Polarized ,$79,10,https://images.nike.com/is/image/DotCom/pwp_sheet2?$NIKE_PWPx3$&$img0=EV1086_828
Sunglasses ,$165,10,https://images.nike.com/is/image/DotCom/pwp_sheet2?$NIKE_PWPx3$&$img0=EV1071_202
Nike Hyperforce Mirrored ,$135,10,https://images.nike.com/is/image/DotCom/pwp_sheet2?$NIKE_PWPx3$&$img0=EV1072_434
Sunglasses ,$155,10,https://images.nike.com/is/image/DotCom/pwp_sheet2?$NIKE_PWPx3$&$img0=EV1039_001
Nike Bandit Speed Tint ,$155,10,https://images.nike.com/is/image/DotCom/pwp_sheet2?$NIKE_PWPx3$&$img0=EV1039_200
Running Sunglasses ,$159,10,https://images.nike.com/is/image/DotCom/pwp_sheet2?$NIKE_PWPx3$&$img0=EV1045_016
Nike x Heron Preston Tailwind ,$115,10,https://images.nike.com/is/image/DotCom/pwp_sheet2?$NIKE_PWPx3$&$img0=EV1045_004
Sunglasses ,$115,10,https://images.nike.com/is/image/DotCom/pwp_sheet2?$NIKE_PWPx3$&$img0=EV1057_003
Nike Remora ,$18,11,https://images.nike.com/is/image/DotCom/pwp_sheet2?$NIKE_PWPx3$&$img0=93010_007&$img1=93010_400
Nike 24oz HyperFuel ,$12,12,https://images.nike.com/is/image/DotCom/pwp_sheet2?$NIKE_PWPx3$&$img0=NOBA6024_753&$img1=NOBA6024_018
Water Bottle ,$27.97,12,https://images.nike.com/is/image/DotCom/pwp_sheet2?$NIKE_PWPx3$&$img0=NOBI4_068
Nike 32oz SS HyperCharge Twist ,$25,12,https://images.nike.com/is/image/DotCom/pwp_sheet2?$NIKE_PWPx3$&$img0=NOBG3_068
Water Bottle ,$25,12,https://images.nike.com/is/image/DotCom/pwp_sheet2?$NIKE_PWPx3$&$img0=NOBI7_034
Nike 24oz SS HyperCharge Twist ,$10,12,https://images.nike.com/is/image/DotCom/pwp_sheet2?$NIKE_PWPx3$&$img0=NOBH2_063
