Nike Air Max 270 React Bauhaus ,$150,1,https://images.nike.com/is/image/DotCom/pwp_sheet2?$NIKE_PWPx3$&$img0=AO4971_002&$img1=AO4971_001&$img2=AO4971_301
Men's Shoes ,$180,1,https://images.nike.com/is/image/DotCom/pwp_sheet2?$NIKE_PWPx3$&$img0=AO2924_023&$img1=AO2924_014&$img2=AO2924_405
Nike Air Max 720 ,$150,1,https://images.nike.com/is/image/DotCom/pwp_sheet2?$NIKE_PWPx3$&$img0=AH8050_023&$img1=AH8050_702&$img2=CJ0550_001
Men's Shoe ,$100,1,https://images.nike.com/is/image/DotCom/pwp_sheet2?$NIKE_PWPx3$&$img0=BV7930_400
Nike Air Max 270 ,$140,1,https://images.nike.com/is/image/DotCom/pwp_sheet2?$NIKE_PWPx3$&$img0=CI0054_100
Men's Shoe ,$75,1,https://images.nike.com/is/image/DotCom/pwp_sheet2?$NIKE_PWPx3$&$img0=AV6697_100
Nike Air Tailwind 79 BETRUE ,$120,1,https://images.nike.com/is/image/DotCom/pwp_sheet2?$NIKE_PWPx3$&$img0=BQ5102_100
Shoe ,$90,1,https://images.nike.com/is/image/DotCom/pwp_sheet2?$NIKE_PWPx3$&$img0=315122_111&$img1=315122_001
Nike Air Force 1 Type ,$160,1,https://images.nike.com/is/image/DotCom/pwp_sheet2?$NIKE_PWPx3$&$img0=AQ2567_400&$img1=AQ2567_100&$img2=AQ2567_002
Men's Shoe ,$132.97,1,https://images.nike.com/is/image/DotCom/pwp_sheet2?$NIKE_PWPx3$&$img0=CI9891_200&$img1=CI1240_102&$img2=AR6631_401
Nike Drop Type LX ,$190,1,https://images.nike.com/is/image/DotCom/pwp_sheet2?$NIKE_PWPx3$&$img0=AJ6900_102&$img1=AJ6900_006&$img2=AJ6900_400
Men's Shoe ,$190,1,https://images.nike.com/is/image/DotCom/pwp_sheet2?$NIKE_PWPx3$&$img0=924453_004&$img1=924453_100&$img2=924453_301
Nike Huarache Type ,$175,1,https://images.nike.com/is/image/DotCom/pwp_sheet2?$NIKE_PWPx3$&$img0=AO2434_400
Men's Shoe ,$160,1,https://images.nike.com/is/image/DotCom/pwp_sheet2?$NIKE_PWPx3$&$img0=CJ0949_100
Nike Air Force 1 '07 ,$100,1,https://images.nike.com/is/image/DotCom/pwp_sheet2?$NIKE_PWPx3$&$img0=CI9922_001
Men's Shoe ,$160,1,https://images.nike.com/is/image/DotCom/pwp_sheet2?$NIKE_PWPx3$&$img0=CJ5846_800
Nike Air Max Tailwind IV ,$100,1,https://images.nike.com/is/image/DotCom/pwp_sheet2?$NIKE_PWPx3$&$img0=CJ5848_100
Men's Shoe ,$140,1,https://images.nike.com/is/image/DotCom/pwp_sheet2?$NIKE_PWPx3$&$img0=CD0916_100&$img1=CD0916_001
Nike Air VaporMax 2019 ,$115,1,https://images.nike.com/is/image/DotCom/pwp_sheet2?$NIKE_PWPx3$&$img0=CI9887_100
Men's Shoe ,$105,1,https://images.nike.com/is/image/DotCom/pwp_sheet2?$NIKE_PWPx3$&$img0=CI9888_001
Nike Air VaporMax Flyknit 3 ,$230,1,https://images.nike.com/is/image/DotCom/pwp_sheet2?$NIKE_PWPx3$&$img0=314996_101
Men's Shoe ,$150,1,https://images.nike.com/is/image/DotCom/pwp_sheet2?$NIKE_PWPx3$&$img0=BV1387_001
Nike Air VaporMax Plus ,$160,1,https://images.nike.com/is/image/DotCom/pwp_sheet2?$NIKE_PWPx3$&$img0=CJ9926_100&$img1=CD7495_101&$img2=749766_115
Men's Shoe ,$120,1,https://images.nike.com/is/image/DotCom/pwp_sheet2?$NIKE_PWPx3$&$img0=CJ9927_100
Zoom LeBron 3 QS ,$160,1,https://images.nike.com/is/image/DotCom/pwp_sheet2?$NIKE_PWPx3$&$img0=CJ9928_100
Men's Shoe ,$130,1,https://images.nike.com/is/image/DotCom/pwp_sheet2?$NIKE_PWPx3$&$img0=CJ0769_400&$img1=BQ6166_300&$img2=BQ6167_102
Nike Air Max 270 N7 ,$100,1,https://images.nike.com/is/image/DotCom/pwp_sheet2?$NIKE_PWPx3$&$img0=CI9882_600
Men's Shoe ,$120,1,https://images.nike.com/is/image/DotCom/pwp_sheet2?$NIKE_PWPx3$&$img0=AO1021_003&$img1=AO1021_102
Nike Air Zoom Down Rock N7 ,$110,1,https://images.nike.com/is/image/DotCom/pwp_sheet2?$NIKE_PWPx3$&$img0=CI9880_400
Shoe ,$110,1,https://images.nike.com/is/image/DotCom/pwp_sheet2?$NIKE_PWPx3$&$img0=CI1118_400&$img1=CI1118_001
Nike Air Edge 270 ,$19.99,1,https://images.nike.com/is/image/DotCom/pwp_sheet2?$NIKE_PWPx3$&$img0=343880_090&$img1=343880_604&$img2=343880_102
Men's Shoe ,$30,1,https://images.nike.com/is/image/DotCom/pwp_sheet2?$NIKE_PWPx3$&$img0=832646_007
Nike Air Force 1 '07 LV8 ,$60,1,https://images.nike.com/is/image/DotCom/pwp_sheet2?$NIKE_PWPx3$&$img0=CD2717_001
Men's Shoe ,$60,1,https://images.nike.com/is/image/DotCom/pwp_sheet2?$NIKE_PWPx3$&$img0=CJ2967_300&$img1=CJ2967_600
Nike Air Max 90 QS ,$120,1,https://images.nike.com/is/image/DotCom/pwp_sheet2?$NIKE_PWPx3$&$img0=AV2605_003&$img1=AV2605_700&$img2=AV2605_401
Men's Shoe ,$160,1,https://images.nike.com/is/image/DotCom/pwp_sheet2?$NIKE_PWPx3$&$img0=CJ4988_200&$img1=AQ1090_300
Nike Blazer Mid ,$180,1,https://images.nike.com/is/image/DotCom/pwp_sheet2?$NIKE_PWPx3$&$img0=AQ4126_401
Men's Shoe ,$170,1,https://images.nike.com/is/image/DotCom/pwp_sheet2?$NIKE_PWPx3$&$img0=CI5011_400&$img1=CK0224_100&$img2=921826_105
Nike Blazer Low Premium ,$160,1,https://images.nike.com/is/image/DotCom/pwp_sheet2?$NIKE_PWPx3$&$img0=640744_011&$img1=640744_602&$img2=640744_500
Men's Shoe ,$140,1,https://images.nike.com/is/image/DotCom/pwp_sheet2?$NIKE_PWPx3$&$img0=CJ0523_100&$img1=AO1741_601&$img2=CJ0547_400
Nike Air Foamposite One ,$90,1,https://images.nike.com/is/image/DotCom/pwp_sheet2?$NIKE_PWPx3$&$img0=CI0057_100&$img1=CI0057_101
Men's Shoe ,$100,1,https://images.nike.com/is/image/DotCom/pwp_sheet2?$NIKE_PWPx3$&$img0=AT7653_100
Nike Shox R4 Neymar Jr. ,$110,1,https://ugc.nikeid.com/is/image/nike/pwp_sheet_prem?$NIKE_PWPx3$&$img0=ugc/1021822778.tif&$img1=ugc/697993572.tif&$img2=ugc/1094948044.tif
Shoe ,$140,1,https://ugc.nikeid.com/is/image/nike/pwp_sheet_prem?$NIKE_PWPx3$&$img0=ugc/1083967899.tif&$img1=ugc/938381771.tif&$img2=ugc/262468505.tif
Nike Air Max 95 ,$140,1,https://ugc.nikeid.com/is/image/nike/pwp_sheet_prem?$NIKE_PWPx3$&$img0=ugc/915989667.tif&$img1=ugc/1054279551.tif&$img2=ugc/1089360058.tif
Men's Shoe ,$90,1,https://images.nike.com/is/image/DotCom/pwp_sheet2?$NIKE_PWPx3$&$img0=487754_011&$img1=487754_406&$img2=487754_010
Nike Air Max 1 ,$95,1,https://images.nike.com/is/image/DotCom/pwp_sheet2?$NIKE_PWPx3$&$img0=315123_111&$img1=315123_001
Men's Shoe ,$100,1,https://images.nike.com/is/image/DotCom/pwp_sheet2?$NIKE_PWPx3$&$img0=AT4141_103
Nike Air Max Plus ,$180,1,https://images.nike.com/is/image/DotCom/pwp_sheet2?$NIKE_PWPx3$&$img0=312834_205&$img1=312834_009
Men's Shoe ,$130,1,https://images.nike.com/is/image/DotCom/pwp_sheet2?$NIKE_PWPx3$&$img0=875844_205&$img1=875844_011
Nike React Element 55 Rabid Panda ,$130,1,https://images.nike.com/is/image/DotCom/pwp_sheet2?$NIKE_PWPx3$&$img0=CJ1437_100
Men's Shoe ,$160,1,https://images.nike.com/is/image/DotCom/pwp_sheet2?$NIKE_PWPx3$&$img0=CK0892_101&$img1=CK0892_100
Nike Air Force 1 '07 LV8 ,$130,1,https://images.nike.com/is/image/DotCom/pwp_sheet2?$NIKE_PWPx3$&$img0=905345_403&$img1=905345_006
Men's Shoe ,$200,1,https://images.nike.com/is/image/DotCom/pwp_sheet2?$NIKE_PWPx3$&$img0=CI1504_100
Nike Air Max 1 SE ,$200,1,https://images.nike.com/is/image/DotCom/pwp_sheet2?$NIKE_PWPx3$&$img0=CI1502_001
Men's Shoe ,$140,1,https://images.nike.com/is/image/DotCom/pwp_sheet2?$NIKE_PWPx3$&$img0=BV1111_008&$img1=BV1111_100&$img2=BV1127_001
Nike Air Force 1 High '07 LV8 ,$160,1,https://images.nike.com/is/image/DotCom/pwp_sheet2?$NIKE_PWPx3$&$img0=AR4342_300
Men's Shoe ,$100,1,https://images.nike.com/is/image/DotCom/pwp_sheet2?$NIKE_PWPx3$&$img0=BQ6806_101
Nike Air Force 1 High '07 LV8 ,$100,1,https://images.nike.com/is/image/DotCom/pwp_sheet2?$NIKE_PWPx3$&$img0=CD8238_600&$img1=CD8238_100&$img2=CD8238_001
Men's Shoe ,$140,1,https://images.nike.com/is/image/DotCom/pwp_sheet2?$NIKE_PWPx3$&$img0=BQ9241_002&$img1=BQ9241_001
Nike Zoom Fly 3 ,₹13995,2,https://images.nike.com/is/image/DotCom/pwp_sheet2?$NIKE_PWPx3$&$img0=AT8240_300&$img1=AT8240_500&$img2=AT8240_100
Men's Running Shoe ,₹15995,2,https://images.nike.com/is/image/DotCom/pwp_sheet2?$NIKE_PWPx3$&$img0=AT2863_300&$img1=AT2863_500
Nike Zoom Pegasus Turbo 2 ,₹9995,2,https://images.nike.com/is/image/DotCom/pwp_sheet2?$NIKE_PWPx3$&$img0=AQ2203_003&$img1=AQ2203_002&$img2=AQ2203_001
Men's Running Shoe ,₹10995,2,https://images.nike.com/is/image/DotCom/pwp_sheet2?$NIKE_PWPx3$&$img0=AR5677_300
Nike Air Zoom Pegasus 36 ,₹9995,2,https://images.nike.com/is/image/DotCom/pwp_sheet2?$NIKE_PWPx3$&$img0=AQ2205_001
Men's Running Shoe ,₹15995,2,https://images.nike.com/is/image/DotCom/pwp_sheet2?$NIKE_PWPx3$&$img0=CK1948_001
Nike Air Zoom Pegasus 36 Trail ,₹24995,2,https://images.nike.com/is/image/DotCom/pwp_sheet2?$NIKE_PWPx3$&$img0=AJ3857_601&$img1=AJ3857_400
Men's Running Shoe ,₹10995,2,https://images.nike.com/is/image/DotCom/pwp_sheet2?$NIKE_PWPx3$&$img0=942851_006&$img1=942851_002&$img2=942851_600
Nike Air Zoom Pegasus 36 ,₹15995,2,https://images.nike.com/is/image/DotCom/pwp_sheet2?$NIKE_PWPx3$&$img0=AR4561_005&$img1=AR4561_200&$img2=AR4561_401
Men's Running Shoe (Extra-Wide) ,₹12995,2,https://images.nike.com/is/image/DotCom/pwp_sheet2?$NIKE_PWPx3$&$img0=BQ8928_601&$img1=BQ8928_102&$img2=BQ8928_010
Nike Zoom Pegasus Turbo BETRUE ,₹7995,2,https://images.nike.com/is/image/DotCom/pwp_sheet2?$NIKE_PWPx3$&$img0=AA7406_101
Running Shoe ,₹7995,2,https://images.nike.com/is/image/DotCom/pwp_sheet2?$NIKE_PWPx3$&$img0=AQ1289_004&$img1=AQ1289_003&$img2=AQ1289_402
Nike Vaporfly 4% Flyknit ,₹8797,2,https://images.nike.com/is/image/DotCom/pwp_sheet2?$NIKE_PWPx3$&$img0=AQ5707_004&$img1=AQ5707_402&$img2=AQ5707_001
Running Shoe ,₹9995,2,https://images.nike.com/is/image/DotCom/pwp_sheet2?$NIKE_PWPx3$&$img0=AH1015_403&$img1=AH1015_005&$img2=AH1015_011
Nike Air Zoom Pegasus 35 ,₹7995,2,https://images.nike.com/is/image/DotCom/pwp_sheet2?$NIKE_PWPx3$&$img0=CD7288_001
Men's Running Shoe ,₹13597,2,https://images.nike.com/is/image/DotCom/pwp_sheet2?$NIKE_PWPx3$&$img0=AV5554_003
Nike Zoom Fly Flyknit ,₹9995,2,https://images.nike.com/is/image/DotCom/pwp_sheet2?$NIKE_PWPx3$&$img0=AA1636_405&$img1=AA1636_404&$img2=AA1636_002
Men's Running Shoe ,₹14495,2,https://images.nike.com/is/image/DotCom/pwp_sheet2?$NIKE_PWPx3$&$img0=880848_005
Nike Epic React Flyknit 2 ,₹11995,2,https://images.nike.com/is/image/DotCom/pwp_sheet2?$NIKE_PWPx3$&$img0=AH7857_004&$img1=AH7857_001
Men's Running Shoe ,₹13597,2,https://images.nike.com/is/image/DotCom/pwp_sheet2?$NIKE_PWPx3$&$img0=AT5242_170&$img1=AT5242_001
Nike Air Zoom Winflo 5 ,₹12995,2,https://images.nike.com/is/image/DotCom/pwp_sheet2?$NIKE_PWPx3$&$img0=BV0417_002&$img1=BV0417_001&$img2=BV0417_101
Men's Running Shoe ,₹11995,2,https://images.nike.com/is/image/DotCom/pwp_sheet2?$NIKE_PWPx3$&$img0=AV1201_104&$img1=AV1201_001
Nike Free RN 5.0 ,₹10495,2,https://images.nike.com/is/image/DotCom/pwp_sheet2?$NIKE_PWPx3$&$img0=AT9975_002
Men's Running Shoe ,₹7995,2,https://images.nike.com/is/image/DotCom/pwp_sheet2?$NIKE_PWPx3$&$img0=AQ3747_002&$img1=AQ3747_101
Nike Free RN Flyknit 3.0 ,₹8795,2,https://images.nike.com/is/image/DotCom/pwp_sheet2?$NIKE_PWPx3$&$img0=AA1625_601&$img1=AA1625_407&$img2=AA1625_009
Men's Running Shoe ,₹7995,2,https://images.nike.com/is/image/DotCom/pwp_sheet2?$NIKE_PWPx3$&$img0=BQ9256_100
Nike Odyssey React Flyknit 2 ,₹6995,2,https://images.nike.com/is/image/DotCom/pwp_sheet2?$NIKE_PWPx3$&$img0=AQ7483_001&$img1=AQ7483_400
Men's Running Shoe ,₹4797,2,https://images.nike.com/is/image/DotCom/pwp_sheet2?$NIKE_PWPx3$&$img0=AJ5903_003&$img1=AJ5903_402
Nike Zoom Rival Fly ,₹14995,2,https://ugc.nikeid.com/is/image/nike/pwp_sheet_prem?$NIKE_PWPx3$&$img0=ugc/1045384070.tif&$img1=ugc/171940103.tif&$img2=ugc/538715120.tif
Men's Running Shoe ,₹14995,2,https://ugc.nikeid.com/is/image/nike/pwp_sheet_prem?$NIKE_PWPx3$&$img0=ugc/672854486.tif&$img1=ugc/290794910.tif&$img2=ugc/959736431.tif
Nike Rise React Flyknit ,₹12995,2,https://ugc.nikeid.com/is/image/nike/pwp_sheet_prem?$NIKE_PWPx3$&$img0=ugc/385359545.tif&$img1=ugc/426888186.tif&$img2=ugc/896995158.tif
Running Shoe ,₹12995,2,https://ugc.nikeid.com/is/image/nike/pwp_sheet_prem?$NIKE_PWPx3$&$img0=ugc/804413910.tif&$img1=ugc/365500872.tif&$img2=ugc/337360217.tif
Nike Air Zoom Structure 22 ,₹11995,2,https://ugc.nikeid.com/is/image/nike/pwp_sheet_prem?$NIKE_PWPx3$&$img0=ugc/785372798.tif&$img1=ugc/390537090.tif&$img2=ugc/264163612.tif
Men's Running Shoe ,₹11995,2,https://ugc.nikeid.com/is/image/nike/pwp_sheet_prem?$NIKE_PWPx3$&$img0=ugc/434566081.tif&$img1=ugc/1090048306.tif&$img2=ugc/1044695940.tif
Nike Zoom Fly ,₹9995,2,https://ugc.nikeid.com/is/image/nike/pwp_sheet_prem?$NIKE_PWPx3$&$img0=ugc/634486475.tif&$img1=ugc/1072745462.tif&$img2=ugc/643321226.tif
PG 3 ,₹8995,3,https://images.nike.com/is/image/DotCom/pwp_sheet2?$NIKE_PWPx3$&$img0=AO2607_600&$img1=AO2607_100&$img2=AO2607_003
Basketball Shoe ,₹9995,3,https://images.nike.com/is/image/DotCom/pwp_sheet2?$NIKE_PWPx3$&$img0=BQ5422_800
Zoom Freak 1 ,₹12995,3,https://images.nike.com/is/image/DotCom/pwp_sheet2?$NIKE_PWPx3$&$img0=AR4230_100
Basketball Shoe ,₹9597,3,https://images.nike.com/is/image/DotCom/pwp_sheet2?$NIKE_PWPx3$&$img0=AO2918_600&$img1=AO2918_101&$img2=AO2918_007
Nike Zoom KD12 EP ,₹8495,3,https://images.nike.com/is/image/DotCom/pwp_sheet2?$NIKE_PWPx3$&$img0=AQ2456_003&$img1=AQ2456_016&$img2=AQ2456_007
Basketball Shoe ,₹10495,3,https://images.nike.com/is/image/DotCom/pwp_sheet2?$NIKE_PWPx3$&$img0=AO6219_600&$img1=AO6219_003&$img2=AO6219_101
Kyrie 5 ,₹18995,3,https://images.nike.com/is/image/DotCom/pwp_sheet2?$NIKE_PWPx3$&$img0=CD2451_101
Basketball Shoe ,₹15197,3,https://images.nike.com/is/image/DotCom/pwp_sheet2?$NIKE_PWPx3$&$img0=AO2588_102
Kyrie 5 ,₹15197,3,https://images.nike.com/is/image/DotCom/pwp_sheet2?$NIKE_PWPx3$&$img0=BV7721_600
Older Kids' Shoe ,₹10397,3,https://images.nike.com/is/image/DotCom/pwp_sheet2?$NIKE_PWPx3$&$img0=AQ2728_102
Jordan 'Why Not?' Zer0.2 ,₹17995,3,https://images.nike.com/is/image/DotCom/pwp_sheet2?$NIKE_PWPx3$&$img0=AO2605_600
Basketball Shoe ,₹14995,3,https://ugc.nikeid.com/is/image/nike/pwp_sheet_prem?$NIKE_PWPx3$&$img0=ugc/625090461.tif&$img1=ugc/538137906.tif&$img2=ugc/193966825.tif
LeBron XVI Remix ,₹14995,3,https://ugc.nikeid.com/is/image/nike/pwp_sheet_prem?$NIKE_PWPx3$&$img0=ugc/775062204.tif&$img1=ugc/573489103.tif&$img2=ugc/823946466.tif
Basketball Shoe ,₹11995,3,https://ugc.nikeid.com/is/image/nike/pwp_sheet_prem?$NIKE_PWPx3$&$img0=ugc/980048527.tif&$img1=ugc/607657730.tif&$img2=ugc/554177402.tif
LeBron 16 ,₹12995,3,https://images.nike.com/is/image/DotCom/pwp_sheet2?$NIKE_PWPx3$&$img0=CI2668_004&$img1=CI2668_002&$img2=CI2668_003
Basketball Shoe ,₹11197,3,https://images.nike.com/is/image/DotCom/pwp_sheet2?$NIKE_PWPx3$&$img0=CJ7698_100&$img1=CJ7698_600
LeBron 16 ,₹10495,3,https://images.nike.com/is/image/DotCom/pwp_sheet2?$NIKE_PWPx3$&$img0=AT1199_002
Basketball Shoe ,₹5995,3,https://images.nike.com/is/image/DotCom/pwp_sheet2?$NIKE_PWPx3$&$img0=AR6374_100&$img1=AR6374_600&$img2=AR6374_001
Nike Zoom KD11 Aunt Pearl ,₹1995,3,https://images.nike.com/is/image/DotCom/pwp_sheet2?$NIKE_PWPx3$&$img0=AR4237_100
Basketball Shoe ,₹32995,3,https://images.nike.com/is/image/DotCom/pwp_sheet2?$NIKE_PWPx3$&$img0=AO9027_001&$img1=AO9027_002&$img2=AO9027_100
Kobe 1 Protro ,₹7995,3,https://images.nike.com/is/image/DotCom/pwp_sheet2?$NIKE_PWPx3$&$img0=AO2918_006
Basketball Shoe ,₹11995,3,https://ugc.nikeid.com/is/image/nike/pwp_sheet_prem?$NIKE_PWPx3$&$img0=ugc/548610172.tif
Nike Zoom KD11 EP ,₹11995,3,https://images.nike.com/is/image/DotCom/pwp_sheet2?$NIKE_PWPx3$&$img0=CD9560_106&$img1=CD9560_006
Basketball Shoe ,₹18995,3,https://ugc.nikeid.com/is/image/nike/pwp_sheet_prem?$NIKE_PWPx3$&$img0=ugc/1081453976.tif&$img1=ugc/633038332.tif&$img2=ugc/132885068.tif
Nike Zoom KD12 By You ,₹10995,3,https://images.nike.com/is/image/DotCom/pwp_sheet2?$NIKE_PWPx3$&$img0=AJ5898_002&$img1=AJ5898_001&$img2=AJ5898_100
Custom Basketball Shoe ,₹5197,3,https://images.nike.com/is/image/DotCom/pwp_sheet2?$NIKE_PWPx3$&$img0=AO4438_002&$img1=AO4438_102&$img2=AO4438_001
Kyrie 5 By You ,₹5197,3,https://images.nike.com/is/image/DotCom/pwp_sheet2?$NIKE_PWPx3$&$img0=AT3866_110&$img1=AT3866_105
Custom Basketball Shoe ,₹11995,3,https://images.nike.com/is/image/DotCom/pwp_sheet2?$NIKE_PWPx3$&$img0=BQ9819_002&$img1=BQ9819_001&$img2=BQ9819_100
Zoom Freak 1 By You ,₹7197,3,https://images.nike.com/is/image/DotCom/pwp_sheet2?$NIKE_PWPx3$&$img0=AQ7495_002&$img1=AQ7495_003&$img2=AQ7495_100
Custom Basketball Shoe ,₹5495,3,https://images.nike.com/is/image/DotCom/pwp_sheet2?$NIKE_PWPx3$&$img0=AJ5902_100&$img1=AJ5902_002&$img2=AJ5902_006
LeBron 16 Low ,₹4995,3,https://images.nike.com/is/image/DotCom/pwp_sheet2?$NIKE_PWPx3$&$img0=BQ8737_101&$img1=BQ8737_006
Basketball Shoe ,₹7197,3,https://images.nike.com/is/image/DotCom/pwp_sheet2?$NIKE_PWPx3$&$img0=BV5072_005
Jordan Defy SP ,₹18995,3,https://images.nike.com/is/image/DotCom/pwp_sheet2?$NIKE_PWPx3$&$img0=AO6224_600&$img1=AO6224_100
Men's Shoe ,₹9495,3,https://images.nike.com/is/image/DotCom/pwp_sheet2?$NIKE_PWPx3$&$img0=AR0467_100
Nike Air Versitile IV ,₹11995,3,https://ugc.nikeid.com/is/image/nike/pwp_sheet_prem?$NIKE_PWPx3$&$img0=ugc/281361367.tif&$img1=ugc/107525894.tif&$img2=ugc/1010397764.tif
Basketball Shoe ,₹14995,3,https://images.nike.com/is/image/DotCom/pwp_sheet2?$NIKE_PWPx3$&$img0=AO7893_101
Jordan Break ,₹11995,3,https://images.nike.com/is/image/DotCom/pwp_sheet2?$NIKE_PWPx3$&$img0=908972_140
Slide ,₹8995,3,https://images.nike.com/is/image/DotCom/pwp_sheet2?$NIKE_PWPx3$&$img0=943806_602
Nike Air 1 x Fear of God ,₹10995,3,https://images.nike.com/is/image/DotCom/pwp_sheet2?$NIKE_PWPx3$&$img0=AQ8830_016&$img1=AQ8830_007
Shoe ,₹15197,3,https://images.nike.com/is/image/DotCom/pwp_sheet2?$NIKE_PWPx3$&$img0=AJ5899_002&$img1=AJ5899_100&$img2=AJ5899_600
Jordan Zoom Zero Gravity ,₹6397,3,https://images.nike.com/is/image/DotCom/pwp_sheet2?$NIKE_PWPx3$&$img0=AO4430_001
Basketball Shoe ,₹5437,3,https://images.nike.com/is/image/DotCom/pwp_sheet2?$NIKE_PWPx3$&$img0=AO4436_170&$img1=AO4436_016
Kyrie 5 x Friends ,₹5197,3,https://images.nike.com/is/image/DotCom/pwp_sheet2?$NIKE_PWPx3$&$img0=AO4433_003&$img1=AO4433_002&$img2=AO4433_101
Basketball Shoe ,₹7197,3,https://images.nike.com/is/image/DotCom/pwp_sheet2?$NIKE_PWPx3$&$img0=BQ8454_100
Kyrie 5 By Rodney Hood ,₹9197,3,https://images.nike.com/is/image/DotCom/pwp_sheet2?$NIKE_PWPx3$&$img0=310805_108
Custom Basketball Shoe ,₹12597,3,https://images.nike.com/is/image/DotCom/pwp_sheet2?$NIKE_PWPx3$&$img0=AO2605_600
Nike Tiempo Legend 8 Elite FG ,₹20995,4,https://images.nike.com/is/image/DotCom/pwp_sheet2?$NIKE_PWPx3$&$img0=AT5293_004
Firm-Ground Football Boot ,₹21995,4,https://images.nike.com/is/image/DotCom/pwp_sheet2?$NIKE_PWPx3$&$img0=AO7540_104
Nike Phantom Venom Elite FG ,₹25995,4,https://images.nike.com/is/image/DotCom/pwp_sheet2?$NIKE_PWPx3$&$img0=AH7365_801
Firm-Ground Football Boot ,₹25995,4,https://images.nike.com/is/image/DotCom/pwp_sheet2?$NIKE_PWPx3$&$img0=AO3262_410
Nike Superfly 6 Elite FG ,₹27995,4,https://images.nike.com/is/image/DotCom/pwp_sheet2?$NIKE_PWPx3$&$img0=AJ3547_009
Firm-Ground Football Boot ,₹7495,4,https://images.nike.com/is/image/DotCom/pwp_sheet2?$NIKE_PWPx3$&$img0=AO0566_104
Nike Phantom Vision Elite Dynamic Fit FG ,₹7495,4,https://images.nike.com/is/image/DotCom/pwp_sheet2?$NIKE_PWPx3$&$img0=AH7375_801
Firm-Ground Football Boot ,₹8495,4,https://images.nike.com/is/image/DotCom/pwp_sheet2?$NIKE_PWPx3$&$img0=AO3258_410
Nike Mercurial Superfly 360 Elite LVL UP SE FG ,₹6995,4,https://images.nike.com/is/image/DotCom/pwp_sheet2?$NIKE_PWPx3$&$img0=AH7242_118
Firm-Ground Football Boot ,₹24995,4,https://images.nike.com/is/image/DotCom/pwp_sheet2?$NIKE_PWPx3$&$img0=AH7380_801
Nike Phantom Venom Academy FG ,₹13995,4,https://images.nike.com/is/image/DotCom/pwp_sheet2?$NIKE_PWPx3$&$img0=AO8738_104
Firm-Ground Football Boot ,₹15995,4,https://images.nike.com/is/image/DotCom/pwp_sheet2?$NIKE_PWPx3$&$img0=AH7368_801
Nike Vapor 12 Academy MG ,₹8995,4,https://images.nike.com/is/image/DotCom/pwp_sheet2?$NIKE_PWPx3$&$img0=AH7249_118
Multi-Ground Football Boot ,₹8495,4,https://images.nike.com/is/image/DotCom/pwp_sheet2?$NIKE_PWPx3$&$img0=AH7362_801
Nike Phantom Vision Academy Dynamic Fit MG ,₹8495,4,https://images.nike.com/is/image/DotCom/pwp_sheet2?$NIKE_PWPx3$&$img0=AO3269_410
Multi-Ground Football Boot ,₹8495,4,https://images.nike.com/is/image/DotCom/pwp_sheet2?$NIKE_PWPx3$&$img0=AH7370_801
Nike Tiempo Legend VII Academy FG ,₹7495,4,https://images.nike.com/is/image/DotCom/pwp_sheet2?$NIKE_PWPx3$&$img0=AO0571_104
Firm-Ground Football Boot ,₹7495,4,https://images.nike.com/is/image/DotCom/pwp_sheet2?$NIKE_PWPx3$&$img0=AH7384_801
Nike Vapor 12 Elite FG ,₹6495,4,https://images.nike.com/is/image/DotCom/pwp_sheet2?$NIKE_PWPx3$&$img0=AT6099_004
Firm-Ground Football Boot ,₹6495,4,https://images.nike.com/is/image/DotCom/pwp_sheet2?$NIKE_PWPx3$&$img0=AT5292_004
Nike Phantom Venom Pro FG ,₹5597,4,https://images.nike.com/is/image/DotCom/pwp_sheet2?$NIKE_PWPx3$&$img0=AH7243_118&$img1=AH7243_077
Firm-Ground Football Boot ,₹5597,4,https://images.nike.com/is/image/DotCom/pwp_sheet2?$NIKE_PWPx3$&$img0=AQ2217_027&$img1=AQ2217_410
Nike Superfly 6 Pro FG ,₹6995,4,https://images.nike.com/is/image/DotCom/pwp_sheet2?$NIKE_PWPx3$&$img0=AQ2218_027&$img1=AQ2218_410
Firm-Ground Football Boot ,₹5995,4,https://images.nike.com/is/image/DotCom/pwp_sheet2?$NIKE_PWPx3$&$img0=AH7363_801
Nike TiempoX Lunar Legend VII Pro TF ,₹5995,4,https://images.nike.com/is/image/DotCom/pwp_sheet2?$NIKE_PWPx3$&$img0=AJ6959_410
Turf Football Boot ,₹4995,4,https://images.nike.com/is/image/DotCom/pwp_sheet2?$NIKE_PWPx3$&$img0=AH7378_801
Nike Mercurial Superfly 6 Academy MG ,₹4995,4,https://images.nike.com/is/image/DotCom/pwp_sheet2?$NIKE_PWPx3$&$img0=AH7386_801
Multi-Ground Football Boot ,₹4995,4,https://images.nike.com/is/image/DotCom/pwp_sheet2?$NIKE_PWPx3$&$img0=AO0577_104
Nike Phantom Vision Academy Dynamic Fit TF ,₹4495,4,https://images.nike.com/is/image/DotCom/pwp_sheet2?$NIKE_PWPx3$&$img0=AT6107_004
Artificial-Turf Football Boot ,₹4495,4,https://images.nike.com/is/image/DotCom/pwp_sheet2?$NIKE_PWPx3$&$img0=AT6110_004
Nike SuperflyX 6 Academy TF ,₹4495,4,https://images.nike.com/is/image/DotCom/pwp_sheet2?$NIKE_PWPx3$&$img0=AH7248_118
Turf Football Boot ,₹4495,4,https://images.nike.com/is/image/DotCom/pwp_sheet2?$NIKE_PWPx3$&$img0=AO2597_118
Nike Phantom Venom Academy TF ,₹24995,4,https://ugc.nikeid.com/is/image/nike/pwp_sheet_prem?$NIKE_PWPx3$&$img0=ugc/609811689.tif&$img1=ugc/837413184.tif&$img2=ugc/219053047.tif
Turf Football Shoe ,₹26995,4,https://ugc.nikeid.com/is/image/nike/pwp_sheet_prem?$NIKE_PWPx3$&$img0=ugc/295633772.tif&$img1=ugc/626759987.tif&$img2=ugc/434263025.tif
Nike VaporX 12 Academy TF ,₹23995,4,https://ugc.nikeid.com/is/image/nike/pwp_sheet_prem?$NIKE_PWPx3$&$img0=ugc/263484122.tif&$img1=ugc/1096080581.tif&$img2=ugc/136608440.tif
Artificial-Turf Football Boot ,₹26995,4,https://ugc.nikeid.com/is/image/nike/pwp_sheet_prem?$NIKE_PWPx3$&$img0=ugc/551735044.tif&$img1=ugc/714681549.tif&$img2=ugc/103555807.tif
Nike Tiempo Legend 8 Academy IC ,₹9995,4,https://ugc.nikeid.com/is/image/nike/pwp_sheet_prem?$NIKE_PWPx3$&$img0=ugc/787514192.tif&$img1=ugc/101371278.tif&$img2=ugc/978294395.tif
Indoor/Court Football Shoe ,₹17597,4,https://images.nike.com/is/image/DotCom/pwp_sheet2?$NIKE_PWPx3$&$img0=AH7238_077
Nike Tiempo Legend 8 Academy MG ,₹7997,4,https://images.nike.com/is/image/DotCom/pwp_sheet2?$NIKE_PWPx3$&$img0=AQ2211_410
Multi-Ground Football Boot ,₹7197,4,https://images.nike.com/is/image/DotCom/pwp_sheet2?$NIKE_PWPx3$&$img0=AJ3567_109
Nike LegendX 7 Academy TF ,₹7197,4,https://images.nike.com/is/image/DotCom/pwp_sheet2?$NIKE_PWPx3$&$img0=AJ3541_109
Artificial-Turf Football Boot ,₹7197,4,https://images.nike.com/is/image/DotCom/pwp_sheet2?$NIKE_PWPx3$&$img0=AJ3568_109
Nike TiempoX Legend VII Academy 10R IC ,₹5997,4,https://images.nike.com/is/image/DotCom/pwp_sheet2?$NIKE_PWPx3$&$img0=AO0570_077
Indoor/Court Football Shoe ,₹5597,4,https://images.nike.com/is/image/DotCom/pwp_sheet2?$NIKE_PWPx3$&$img0=AH7244_077
Nike Air Max Alpha Savage ,₹8995,6,https://images.nike.com/is/image/DotCom/pwp_sheet2?$NIKE_PWPx3$&$img0=AT3378_471
Men's Training Shoe ,₹5295,6,https://images.nike.com/is/image/DotCom/pwp_sheet2?$NIKE_PWPx3$&$img0=415445_100
Nike Air Monarch IV ,₹9995,6,https://images.nike.com/is/image/DotCom/pwp_sheet2?$NIKE_PWPx3$&$img0=AQ8306_407
Lifestyle/Gym Shoe ,₹11995,6,https://images.nike.com/is/image/DotCom/pwp_sheet2?$NIKE_PWPx3$&$img0=BV1636_001
Nike Free X Metcon 2 ,₹5295,6,https://images.nike.com/is/image/DotCom/pwp_sheet2?$NIKE_PWPx3$&$img0=415445_102
Men's Training Shoe ,₹11995,6,https://images.nike.com/is/image/DotCom/pwp_sheet2?$NIKE_PWPx3$&$img0=BQ3088_001
Nike Metcon 4 XD ,₹11995,6,https://images.nike.com/is/image/DotCom/pwp_sheet2?$NIKE_PWPx3$&$img0=BV1636_300
Men's Training Shoe ,₹7995,6,https://images.nike.com/is/image/DotCom/pwp_sheet2?$NIKE_PWPx3$&$img0=AO0252_300
Nike Air Monarch IV ,₹12995,6,https://ugc.nikeid.com/is/image/nike/pwp_sheet_prem?$NIKE_PWPx3$&$img0=ugc/971370355.tif
Lifestyle/Gym Shoe ,₹12995,6,https://ugc.nikeid.com/is/image/nike/pwp_sheet_prem?$NIKE_PWPx3$&$img0=ugc/1053151046.tif
Nike Metcon 4 XD Patch ,₹12995,6,https://ugc.nikeid.com/is/image/nike/pwp_sheet_prem?$NIKE_PWPx3$&$img0=ugc/182815764.tif
Men's Training Shoe ,₹12995,6,https://ugc.nikeid.com/is/image/nike/pwp_sheet_prem?$NIKE_PWPx3$&$img0=ugc/504800241.tif
Nike Metcon 4 XD ,₹9995,6,https://images.nike.com/is/image/DotCom/pwp_sheet2?$NIKE_PWPx3$&$img0=AQ8306_004
Men's Training Shoe ,₹9995,6,https://images.nike.com/is/image/DotCom/pwp_sheet2?$NIKE_PWPx3$&$img0=AQ8306_300
Nike Free TR 9 Ultra ,₹10397,6,https://images.nike.com/is/image/DotCom/pwp_sheet2?$NIKE_PWPx3$&$img0=AQ8022_001
Men's Training Shoe ,₹12995,6,https://images.nike.com/is/image/DotCom/pwp_sheet2?$NIKE_PWPx3$&$img0=AQ8022_003
Nike Metcon 4 XD By You ,₹12995,6,https://ugc.nikeid.com/is/image/nike/pwp_sheet_prem?$NIKE_PWPx3$&$img0=ugc/468367437.tif
Custom Men's Cross-Training/Weightlifting Shoe ,₹12995,6,https://ugc.nikeid.com/is/image/nike/pwp_sheet_prem?$NIKE_PWPx3$&$img0=ugc/490641303.tif
Nike Metcon 4 XD By You ,₹7995,6,https://images.nike.com/is/image/DotCom/pwp_sheet2?$NIKE_PWPx3$&$img0=AQ7489_400
Custom Men's Cross-Training/Weightlifting Shoe ,₹7995,6,https://images.nike.com/is/image/DotCom/pwp_sheet2?$NIKE_PWPx3$&$img0=AQ7489_600
Nike Metcon 4 XD By You ,₹7995,6,https://images.nike.com/is/image/DotCom/pwp_sheet2?$NIKE_PWPx3$&$img0=AQ7489_004
Custom Men's Cross-Training/Weightlifting Shoe ,₹6995,6,https://images.nike.com/is/image/DotCom/pwp_sheet2?$NIKE_PWPx3$&$img0=AT1237_001
Nike Metcon 4 XD By You ,₹6995,6,https://images.nike.com/is/image/DotCom/pwp_sheet2?$NIKE_PWPx3$&$img0=AT1237_100
Custom Men's Cross-Training/Weightlifting Shoe ,₹5295,6,https://images.nike.com/is/image/DotCom/pwp_sheet2?$NIKE_PWPx3$&$img0=415445_001
Nike Free X Metcon 2 ,₹5295,6,https://images.nike.com/is/image/DotCom/pwp_sheet2?$NIKE_PWPx3$&$img0=415445_101
Men's Training Shoe ,₹8397,6,https://images.nike.com/is/image/DotCom/pwp_sheet2?$NIKE_PWPx3$&$img0=AH8141_006
Nike Free X Metcon 2 ,₹6397,6,https://images.nike.com/is/image/DotCom/pwp_sheet2?$NIKE_PWPx3$&$img0=AO0252_010
Nike SB Blazer Low GT ,₹6995,7,https://images.nike.com/is/image/DotCom/pwp_sheet2?$NIKE_PWPx3$&$img0=704939_003
Skate Shoe ,₹4495,7,https://images.nike.com/is/image/DotCom/pwp_sheet2?$NIKE_PWPx3$&$img0=942237_015
Nike SB Delta Force Vulc ,₹8995,7,https://images.nike.com/is/image/DotCom/pwp_sheet2?$NIKE_PWPx3$&$img0=CJ7891_400
Men's Skateboarding Shoe ,₹8995,7,https://ugc.nikeid.com/is/image/nike/pwp_sheet_prem?$NIKE_PWPx3$&$img0=ugc/588597980.tif
Nike SB Air Jordan 1 Low ,₹8995,7,https://ugc.nikeid.com/is/image/nike/pwp_sheet_prem?$NIKE_PWPx3$&$img0=ugc/788420893.tif
Skate Shoe ,₹8995,7,https://ugc.nikeid.com/is/image/nike/pwp_sheet_prem?$NIKE_PWPx3$&$img0=ugc/412007928.tif
Nike SB Zoom Stefan Janoski RM By You ,₹8995,7,https://ugc.nikeid.com/is/image/nike/pwp_sheet_prem?$NIKE_PWPx3$&$img0=ugc/963016224.tif
Custom Skate Shoe ,₹8995,7,https://ugc.nikeid.com/is/image/nike/pwp_sheet_prem?$NIKE_PWPx3$&$img0=ugc/867153349.tif
Nike SB Zoom Stefan Janoski RM By You ,₹8995,7,https://ugc.nikeid.com/is/image/nike/pwp_sheet_prem?$NIKE_PWPx3$&$img0=ugc/817594338.tif
Custom Skate Shoe ,₹8995,7,https://ugc.nikeid.com/is/image/nike/pwp_sheet_prem?$NIKE_PWPx3$&$img0=ugc/126487371.tif
Nike SB Zoom Stefan Janoski RM By You ,₹8995,7,https://ugc.nikeid.com/is/image/nike/pwp_sheet_prem?$NIKE_PWPx3$&$img0=ugc/763464914.tif
Custom Skate Shoe ,₹8995,7,https://ugc.nikeid.com/is/image/nike/pwp_sheet_prem?$NIKE_PWPx3$&$img0=ugc/299234031.tif
Nike SB Zoom Stefan Janoski RM By You ,₹8995,7,https://ugc.nikeid.com/is/image/nike/pwp_sheet_prem?$NIKE_PWPx3$&$img0=ugc/700472155.tif
Custom Skate Shoe ,₹8995,7,https://ugc.nikeid.com/is/image/nike/pwp_sheet_prem?$NIKE_PWPx3$&$img0=ugc/284299664.tif
Nike SB Zoom Stefan Janoski RM By You ,₹8995,7,https://ugc.nikeid.com/is/image/nike/pwp_sheet_prem?$NIKE_PWPx3$&$img0=ugc/661904388.tif
Custom Skate Shoe ,₹6995,7,https://images.nike.com/is/image/DotCom/pwp_sheet2?$NIKE_PWPx3$&$img0=864349_004
Nike SB Zoom Stefan Janoski RM By You ,₹11995,7,https://ugc.nikeid.com/is/image/nike/pwp_sheet_prem?$NIKE_PWPx3$&$img0=ugc/1077742813.tif
Custom Skate Shoe ,₹11995,7,https://ugc.nikeid.com/is/image/nike/pwp_sheet_prem?$NIKE_PWPx3$&$img0=ugc/743806016.tif
Nike SB Zoom Stefan Janoski Slip RM By You ,₹11995,7,https://ugc.nikeid.com/is/image/nike/pwp_sheet_prem?$NIKE_PWPx3$&$img0=ugc/1062394716.tif
Custom Skate Shoe ,₹11995,7,https://ugc.nikeid.com/is/image/nike/pwp_sheet_prem?$NIKE_PWPx3$&$img0=ugc/359241981.tif
Nike SB Zoom Stefan Janoski Slip RM By You ,₹11995,7,https://ugc.nikeid.com/is/image/nike/pwp_sheet_prem?$NIKE_PWPx3$&$img0=ugc/241313010.tif
Custom Skate Shoe ,₹6295,7,https://images.nike.com/is/image/DotCom/pwp_sheet2?$NIKE_PWPx3$&$img0=880266_012
Nike SB Zoom Stefan Janoski Slip RM By You ,₹7995,7,https://images.nike.com/is/image/DotCom/pwp_sheet2?$NIKE_PWPx3$&$img0=845711_200
Custom Skate Shoe ,₹7995,7,https://images.nike.com/is/image/DotCom/pwp_sheet2?$NIKE_PWPx3$&$img0=AT7324_001
Nike SB Zoom Stefan Janoski Slip RM By You ,₹10995,7,https://images.nike.com/is/image/DotCom/pwp_sheet2?$NIKE_PWPx3$&$img0=AT5878_001
Custom Skate Shoe ,₹9995,7,https://images.nike.com/is/image/DotCom/pwp_sheet2?$NIKE_PWPx3$&$img0=AQ7477_001
Nike SB Zoom Stefan Janoski Slip RM By You ,₹7995,7,https://images.nike.com/is/image/DotCom/pwp_sheet2?$NIKE_PWPx3$&$img0=CD6577_100
Custom Skate Shoe ,₹6995,7,https://images.nike.com/is/image/DotCom/pwp_sheet2?$NIKE_PWPx3$&$img0=CD6613_100
Nike SB Zoom Stefan Janoski Slip RM By You ,₹7995,7,https://images.nike.com/is/image/DotCom/pwp_sheet2?$NIKE_PWPx3$&$img0=AO0805_900
Custom Skate Shoe ,₹7995,7,https://images.nike.com/is/image/DotCom/pwp_sheet2?$NIKE_PWPx3$&$img0=CD6612_109
Nike SB Zoom Blazer Mid ,₹7995,7,https://images.nike.com/is/image/DotCom/pwp_sheet2?$NIKE_PWPx3$&$img0=AQ7475_003
Skate Shoe ,₹6995,7,https://images.nike.com/is/image/DotCom/pwp_sheet2?$NIKE_PWPx3$&$img0=AT8899_001
Nike SB Air Max Janoski 2 By You ,₹4795,7,https://images.nike.com/is/image/DotCom/pwp_sheet2?$NIKE_PWPx3$&$img0=843896_009
Custom Skate Shoe ,₹4795,7,https://images.nike.com/is/image/DotCom/pwp_sheet2?$NIKE_PWPx3$&$img0=843896_202
Nike SB Air Max Janoski 2 By You ,₹5495,7,https://images.nike.com/is/image/DotCom/pwp_sheet2?$NIKE_PWPx3$&$img0=CD6278_003
Custom Skate Shoe ,₹6295,7,https://images.nike.com/is/image/DotCom/pwp_sheet2?$NIKE_PWPx3$&$img0=880266_009
Nike SB Air Max Janoski 2 By You ,₹4495,7,https://images.nike.com/is/image/DotCom/pwp_sheet2?$NIKE_PWPx3$&$img0=942237_010
Custom Skate Shoe ,₹4795,7,https://images.nike.com/is/image/DotCom/pwp_sheet2?$NIKE_PWPx3$&$img0=843896_001
Nike SB Air Max Janoski 2 By You ,₹8797,7,https://images.nike.com/is/image/DotCom/pwp_sheet2?$NIKE_PWPx3$&$img0=AT5878_200
Custom Skate Shoe ,₹4397,7,https://images.nike.com/is/image/DotCom/pwp_sheet2?$NIKE_PWPx3$&$img0=AV4271_200
Nike SB Air Max Janoski 2 By You ,₹8797,7,https://images.nike.com/is/image/DotCom/pwp_sheet2?$NIKE_PWPx3$&$img0=AT5878_203
Custom Skate Shoe ,₹7997,7,https://images.nike.com/is/image/DotCom/pwp_sheet2?$NIKE_PWPx3$&$img0=AQ7477_002
Nike SB Solarsoft Portmore II ,₹5597,7,https://images.nike.com/is/image/DotCom/pwp_sheet2?$NIKE_PWPx3$&$img0=AR7718_201
Men's Skateboarding Shoe ,₹7197,7,https://images.nike.com/is/image/DotCom/pwp_sheet2?$NIKE_PWPx3$&$img0=BQ6826_200
Nike SB Zoom Stefan Janoski ,₹7997,7,https://images.nike.com/is/image/DotCom/pwp_sheet2?$NIKE_PWPx3$&$img0=631303_033
Skate Shoe ,₹7997,7,https://images.nike.com/is/image/DotCom/pwp_sheet2?$NIKE_PWPx3$&$img0=631303_203
Nike SB Zoom Stefan Janoski Mid RM ,₹6397,7,https://images.nike.com/is/image/DotCom/pwp_sheet2?$NIKE_PWPx3$&$img0=CD6576_109
Skate Shoe ,₹6397,7,https://images.nike.com/is/image/DotCom/pwp_sheet2?$NIKE_PWPx3$&$img0=AQ7878_200
Nike SB Air Max Stefan Janoski 2 Premium ,₹5597,7,https://images.nike.com/is/image/DotCom/pwp_sheet2?$NIKE_PWPx3$&$img0=AQ7941_001
Men's Skate Shoe ,₹4397,7,https://images.nike.com/is/image/DotCom/pwp_sheet2?$NIKE_PWPx3$&$img0=880271_301
Nike SB Air Max Stefan Janoski 2 ,₹3997,7,https://images.nike.com/is/image/DotCom/pwp_sheet2?$NIKE_PWPx3$&$img0=880268_204
Men's Skate Shoe ,₹3997,7,https://images.nike.com/is/image/DotCom/pwp_sheet2?$NIKE_PWPx3$&$img0=AH3360_003
Nike SB Zoom Stefan Janoski AC RM SE ,₹3997,7,https://images.nike.com/is/image/DotCom/pwp_sheet2?$NIKE_PWPx3$&$img0=AH3360_206
Skate Shoe ,₹6397,7,https://images.nike.com/is/image/DotCom/pwp_sheet2?$NIKE_PWPx3$&$img0=833603_012
Nike Alpha Huarache Elite 2 Mid MCS Premium By You ,₹9495,7,https://images.nike.com/is/image/DotCom/pwp_sheet2?$NIKE_PWPx3$&$img0=704939_003
Custom Baseball Boot ,₹9995,7,https://images.nike.com/is/image/DotCom/pwp_sheet2?$NIKE_PWPx3$&$img0=942237_015
Nike Alpha Huarache Elite 2 Low Metal Premium By You ,₹10495,7,https://images.nike.com/is/image/DotCom/pwp_sheet2?$NIKE_PWPx3$&$img0=CJ7891_400
Custom Baseball Boot ,₹9495,7,https://ugc.nikeid.com/is/image/nike/pwp_sheet_prem?$NIKE_PWPx3$&$img0=ugc/588597980.tif
Nike Alpha Huarache Elite 2 Mid Metal Premium By You ,₹8995,7,https://ugc.nikeid.com/is/image/nike/pwp_sheet_prem?$NIKE_PWPx3$&$img0=ugc/788420893.tif
Custom Baseball Boot ,₹8995,7,https://ugc.nikeid.com/is/image/nike/pwp_sheet_prem?$NIKE_PWPx3$&$img0=ugc/412007928.tif
Nike Alpha Huarache Elite 2 Mid By You ,₹8495,7,https://ugc.nikeid.com/is/image/nike/pwp_sheet_prem?$NIKE_PWPx3$&$img0=ugc/963016224.tif
Custom Baseball Boot ,₹7995,8,https://ugc.nikeid.com/is/image/nike/pwp_sheet_prem?$NIKE_PWPx3$&$img0=ugc/337066684.tif&$img1=ugc/496983631.tif&$img2=ugc/719019486.tif
NikeCourt Air Max Wildcard ,₹7995,10,https://images.nike.com/is/image/DotCom/pwp_sheet2?$NIKE_PWPx3$&$img0=AO7351_101&$img1=AO7351_100&$img2=AO7351_006
Men's Tennis Shoe ,₹14995,10,https://images.nike.com/is/image/DotCom/pwp_sheet2?$NIKE_PWPx3$&$img0=AA8030_700&$img1=AA8030_301&$img2=AA8030_401
NikeCourt Air Zoom Vapor X ,₹7995,10,https://images.nike.com/is/image/DotCom/pwp_sheet2?$NIKE_PWPx3$&$img0=AA8020_003&$img1=AA8020_106
Men's Hard Court Tennis Shoe ,₹13495,10,https://images.nike.com/is/image/DotCom/pwp_sheet2?$NIKE_PWPx3$&$img0=918193_700&$img1=918193_301&$img2=918193_701
NikeCourt Air Zoom Prestige ,₹11995,10,https://images.nike.com/is/image/DotCom/pwp_sheet2?$NIKE_PWPx3$&$img0=AA8018_700&$img1=AA8018_001
Men's Hard Court Tennis Shoe ,₹6995,10,https://images.nike.com/is/image/DotCom/pwp_sheet2?$NIKE_PWPx3$&$img0=918194_105&$img1=918194_003
NikeCourt Zoom Cage 3 ,₹4795,10,https://images.nike.com/is/image/DotCom/pwp_sheet2?$NIKE_PWPx3$&$img0=845021_010&$img1=845021_100
Nike Vaporfly 4% Flyknit ,₹24995,11,https://images.nike.com/is/image/DotCom/pwp_sheet2?$NIKE_PWPx3$&$img0=AJ3857_601&$img1=AJ3857_400
Running Shoe ,₹14495,11,https://images.nike.com/is/image/DotCom/pwp_sheet2?$NIKE_PWPx3$&$img0=880848_005
Nike Epic Phantom React Flyknit By You ,₹14995,13,https://ugc.nikeid.com/is/image/nike/pwp_sheet_prem?$NIKE_PWPx3$&$img0=ugc/1045384070.tif&$img1=ugc/171940103.tif&$img2=ugc/538715120.tif
Custom Men's Running Shoe ,₹14995,13,https://ugc.nikeid.com/is/image/nike/pwp_sheet_prem?$NIKE_PWPx3$&$img0=ugc/672854486.tif&$img1=ugc/290794910.tif&$img2=ugc/959736431.tif
Nike Epic React Flyknit 2 By You ,₹12995,13,https://ugc.nikeid.com/is/image/nike/pwp_sheet_prem?$NIKE_PWPx3$&$img0=ugc/804413910.tif&$img1=ugc/365500872.tif&$img2=ugc/337360217.tif
Custom Men's Running Shoe ,₹9995,13,https://ugc.nikeid.com/is/image/nike/pwp_sheet_prem?$NIKE_PWPx3$&$img0=ugc/634486475.tif&$img1=ugc/1072745462.tif&$img2=ugc/643321226.tif
